name_vi,name_en,cas,formula,appendix,group_no,table_ref,threshold_kg,loai
"1,3-Butadien","1,3-Butadiene",106-99-0,C4H6,I,,,,
1-Butene,1-Buten,106-98-9,C4H8,I,,,,
Acrylonitrile,Acrylonitrile,107-13-1,C3H3N,I,,,,
Amoniac (khan),Ammonia (anhydrous),7664-41-7,NH3,I,,,,
Argon,Argon,7440-37-1,Ar,I,,,,
Axit Axetic (GAA),Ethanoic acid,64-19-7,C2H4O2,I,,,,
Axit Hydrochloric,Hydrochloric acid,7647-01-0,HCl,I,,,,
Axit nitric,Nitric acid,7697-37-2,HNO3,I,,,,
Axit photphoric,Phosphoric acid,7664-38-2,H3PO4,I,,,,
Axit Sulfuric,Sulfuric acid,7664-93-9,H2SO4,I,,,,
Benzen,Benzene,71-43-2,C6H6,I,,,,
"Diisocyanate (TDI, MDI, HDI…)","Diisocyanate (TDI, MDI, HDI…)",,,I,,,,
Etanol,Ethanol,64-17-5,C2H6O,I,,,,
Ethylene glycol,Ethylene glycol,107-21-1,C2H6O2,I,,,,
Etylen,Ethylene,74-85-1,C2H4,I,,,,
Etylen oxit,Ethylene oxide,75-21-8,C2H4O,I,,,,
Hydro florua,Hydrogen fluoride,7664-39-3,HF,I,,,,
Hydro peroxit,Hydrogen peroxide,7722-84-1,H2O2,I,,,,
Isopropanol,Isopropyl alcohol,67-63-0,C3H8O,I,,,,
Mangan Sunphat,Manganese sulfate,7785-87-7,MnSO4,I,,,,
Metanol,Methanol,67-56-1,CH4O,I,,,,
Methyl ethyl ketone (MEK),2-Butanone,78-93-3,C4H8O,I,,,,
n-Butanol,n-Butanol,71-36-3,C4H10O,I,,,,
Natri bicarbonat,Sodium Bicarbonate,144-55-8,CHNaO3,I,,,,
Natri hydroxit,Sodium hydroxide,1310-73-2,NaOH,I,,,,
Nitơ,Nitrogen,7727-37-9,N2,I,,,,
Oxy,Oxygen,7782-44-7,O2,I,,,,
Phenol,Phenol,108-95-2,C6H6O,I,,,,
Phosphorus pentachloride,Phosphorus pentachloride,10026-13-8,PCl5,I,,,,
Photpho trihydrua (photphin),Phosphorus trihydride (phosphine),7803-51-2,PH3,I,,,,
Propylen,1-Propene,115-07-1,C3H6,I,,,,
Silan,Silane,7803-62-5,SiH4,I,,,,
Titan dioxit,Titanium dioxide,13463-67-7,TiO2,I,,,,
Toluene,Methyl benzene,108-88-3,C7H8,I,,,,
Triethanol amine,Triethanolamine,102-71-6,C6H15NO3,I,,,,
Vinyl benzen,Vinyl benzene (styrene),100-42-5,C8H8,I,,,,
Vinyl clorua,Vinyl chloride,75-01-4,C2H3Cl,I,,,,
Xyclohexan,Cyclohexane,110-82-7,C6H12,I,,,,
Xylen,Xylene,1330-20-7,C8H10,I,,,,
"(1RS,2RS;1RS,2SR)-1-(Biphenyl-4-yloxy)-3,3-dimetyl-1-(1H-1,2,4-triazol-1-yl) butan-2-ol","(1RS,2RS;1RS,2SR)-1-(Biphenyl-4-yloxy)-3,3-dimethyl-1-(1H-1,2,4-triazol-1-yl) butan-2-ol",55179-31-2,C20H23N3O2,II,1,,,
"(E)-β-((Diclophenyl) metylen)-α-(1,1-dimetyl-etyl)-1H-1,2,4-triazol-1-ethanol","(E)-β-((Dichlorphenyl)methylen)-α-(1,1-dimethyl-ethyl)-1H-1,2,4-triazol-1-ethanol",83657-18-5,C15H17Cl2N3O,II,1,,,
"(RS)-2-Clo-N-(2,4-dimetyl-3-thienyl)-N-(2-methoxy-1-metyl ethyl) acetamit","(RS)-2-Chloro-N-(2,4-dimethyl-3-thienyl)-N-(2-methoxy-1-methylethyl) acetamide",87674-68-8,C12H18ClNO2S,II,1,,,
"1,1,1,2-Tetraclo etan","1,1,1,2-Tetrachloroethane",630-20-6,C2H2Cl4,II,1,,,
"1,1,1-Triclo etan","1,1,1-Trichloroethane",71-55-6,C2H3Cl3,II,1,,,
"1,1,2,2-Tetraclo etan","1,1,2,2-Tetrachloroethane",79-34-5,C2H2Cl4,II,1,,,
"1,1-Diclo etan","1,1-Dichloro ethane",75-34-3,C2H4Cl2,II,1,,,
"1,1-Diclo-1-nitroetan","1,1 -Dichloro-1-nitroethane",594-72-9,C2H3Cl2NO2,II,1,,,
"1,1-Dimetoxyetan","1,1-Dimethoxyethane",534-15-6,C4H10O2,II,1,,,
"1,2,3,6- Tetrahydrobenzal dehyt","1,2,3,6-etrahydro benzaldehyde",100-50-5,C7H10O,II,1,,,
"1,2,3,6-Tetrahydro-1-metyl-4-phenyl pyritin","1,2,3,6-Tetrahydro-1-methyl-4-phenyl pyridine",28289-54-5,C12H15N,II,1,,,
"1,2,3-Triclo benzen","1,2,3-Trichlorbenzene",87-61-6,C6H3Cl3,II,1,,,
"1,2,4-Triclo benzen","1,2,4-Trichlorbenzene",120-82-1,C6H3Cl3,II,1,,,
"1,2-Benzo quinon","1,2-Benzo quinone",583-63-1,C6H4O2,II,1,,,
"1,2-Butylen oxit","1,2-Butylene oxide",106-88-7,C4H8O,II,1,,,
"1,2-Di-(dimetyl amino) etan","1,2-Di-(dimethyl amino) ethane",110-18-9,C6H16N2,II,1,,,
"1,2-Diamino benzen","1,2-Diamino benzene",95-54-5,C6H8N2,II,1,,,
"1,2-Dibrom-3-clo propan","1,2-Dibromo-3-chloro propane",96-12-8,C3H5Br2Cl,II,1,,,
"1,2-Diclo etylen","1,2-Dicloetylen",540-59-0,C2H2Cl2,II,1,,,
"1,2-Diclo propan","1,2-Dichloropropane",78-87-5,C3H6Cl2,II,1,,,
"1,2-Dimetyl hydrazin","1,2-Dimethyl hydrazine",540-73-8,C2H8N2,II,1,,,
"1,2-Dinitro benzen","1,2-Dinitro benzene",528-29-0,C6H4N2O4,II,1,,,
"1,2-Diphenyl hydrazin","1,2-Diphenyl hydrazine",122-66-7,C12H12N2,II,1,,,
"1,2-Epoxy-3-ethoxy propan","1,2-Epoxy-3-ethoxy propane",,C5H10O2,II,1,,,
"1,2-Propylendiamin","1,2-Propylene diamine",78-90-0,C3H10N2,II,1,,,
"1,3,5,7-Xyclo octatetraen","1,3,5,7-cyclo octatetraene",629-20-9,C8H8,II,1,,,
"1,3,5- Trimetyl benzen","1,3,5-Trimetyl benzene",108-67-8,C9H12,II,1,,,
"1,3,5-Triclo benzen","1,3,5-Trichlorbenzene",108-70-3,C6H3Cl3,II,1,,,
"1,3-Butadien","1,3-Butadiene",106-99-0,C4H6,II,1,,,
"1,3-Diamino benzen","1,3-Diamino benzene",108-45-2,C6H8N2,II,1,,,
"1,3-Diclo propanol-2","1,3-Dichloro propan-2-ol",96-23-1,C3H6Cl2O,II,1,,,
"1,3-Diclo propen","1,3-Dichloropropene",542-75-6,C3H4Cl2,II,1,,,
"1,3-Dinitro benzen","1,3-Dinitro benzene",99-65-0,C6H4N2O4,II,1,,,
"1,3-Propane sultone","1,3-Propane sultone",1120-71-4,C3H6O3S,II,1,,,
"1,4-Benzen diamin dihydroclorit","1,4-Benzene diamine dihydrochloride",624-18-0,C6H10Cl2N2,II,1,,,
"1,4-Benzo quinon","1,4-benzo quinone (p-benzoquinone)",106-51-4,C6H4O2,II,1,,,
"1,4-Butyn diol","1,4-Butynediol",110-65-6,C4H6O2,II,1,,,
"1,4-Diamino benzen","1,4-Diamino benzene",106-50-3,C6H8N2,II,1,,,
"1,4-Dietylen dioxit","1,4-Dioxane",123-91-1,C4H8O2,II,1,,,
"1,4-Hexadien","1,4-Hexadiene",592-45-0,C6H10,II,1,,,
"1,5,9-Xyclo dodecatrien","1,5,9-Cyclod odecatriene",4904-61-4,C12H18,II,1,,,
"1,5-Diclopentan","1,5-Dichloro pentane",628-76-2,C5H10Cl2,II,1,,,
"1,5-Hexadien","1,5-Hexadiene",592-42-7,C6H10,II,1,,,
"1-(2,4-Diclo anilino cacbonyl) xyclopropan cacbonsaure","1-(2,4-Dichloranilinocarbonyl)cyclopropan carbonsaure",113136-77-9,C11H9Cl2NO3,II,1,,,
1-Brom butan,1-Bromo butane,109-65-9,C4H9Br,II,1,,,
1-Brom propan,1-Propyl bromide,106-94-5,C3H7Br,II,1,,,
1-Bromo-2-ethoxy-etan,"Ethane, 1 -bromo-2-ethoxy-",592-55-2,C4H9BrO,II,1,,,
1-Bromo-2-metyl propan,1-Bromo-2-methylpropane,78-77-3,C4H9Br,II,1,,,
1-Bromo-3-metyl butan,1-Bromo-3- methyl butane,107-82-4,C5H11Br,II,1,,,
1-Clo propan,n-Propyl chloride,540-54-5,C3H7Cl,II,1,,,
"1-Clo-2,2,2-triflo etan","1 -Chloro-2,2,2-trifluoro ethane",75-88-7,C2H2ClF3,II,1,,,
1-Clo-2-clometyl-benzen,1-Chloro-2-chloromethyl-benzene,611-19-8,C7H6Cl2,II,1,,,
1-Clo-2-metyl benzen,1-chloro-2-methyl benzene,95-49-8,C7H7Cl,II,1,,,
1-Clo-2-nitrobenzen,1 -Chloro-2-nitrobenzene,88-73-3,C6H4ClNO2,II,1,,,
1-Clo-3-clometyl-benzen,1-Chloro-3-chloromethyl-benzene,620-20-2,C7H6Cl2,II,1,,,
1-Clo-3-metyl benzen,1-chloro-3-methyl benzene,108-41-8,C7H7Cl,II,1,,,
1-Clo-3-nitrobenzen,1-Chloro-3-nitrobenzene,121-73-3,C6H4ClNO2,II,1,,,
1-Clo-4-clometyl-benzen,1-Chloro-4-chloromethyl-benzene,104-83-6,C7H6Cl2,II,1,,,
1-Clo-4-metyl benzen,1-chloro-4-methyl benzene,106-43-4,C7H7Cl,II,1,,,
1-Etyl piperidin,1-Ethylpiperidine,766-09-6,C7H15N,II,1,,,
1-Hexanol,1-Hexanol,111-27-3,C6H14O,II,1,,,
1-Hexen,1-Hexene,592-41-6,C6H12,II,1,,,
1-Hydroxy-2-metyl benzen,1-Hydroxy-2-methylbenzene,95-48-7,C7H8O,II,1,,,
1-hydroxy-2-nitrobenzen,1-hydroxy-2-nitrobenzene,88-75-5,C6H5NO3,II,1,,,
1-Hydroxy-3-metyl benzen,1-Hydroxy-3-methyl benzene,108-39-4,C7H8O,II,1,,,
1-hydroxy-3-nitrobenzen,1-hydroxy-3-nitrobenzene,554-84-7,C6H5NO3,II,1,,,
1-Hydroxy-4-metyl benzen,1-Hydroxy-4-methylbenzene,106-44-5,C7H8O,II,1,,,
1-hydroxy-4-nitrobenzen,1-hydroxy-4-nitrobenzene,100-02-7,C6H5NO3,II,1,,,
1-Iotpropan,1-Iodopropane,107-08-4,C3H7I,II,1,,,
1-Methoxy-4-nitrobenzen,1-Methoxy-4-nitrobenzene,100-17-4,C7H7NO3,II,1,,,
1-Metoxy-2-propanol,1-Methoxy-2-propanol,107-98-2,C4H10O2,II,1,,,
1-Metyl piperidin,1-Methylpiperidine,626-67-5,C6H13N,II,1,,,
1-naphtyl metyl cacbamat,1-naphthyl methylcarbamate,63-25-2,C12H11NO2,II,1,,,
1-Nitronaphthalen,1-Nitronaphthalene,86-57-7,C10H7O2N,II,1,,,
1-nitropropan,1-nitropropane,108-03-2,C3H7NO2,II,1,,,
1-Pentanol,1-Pentanol,71-41-0,C5H12O,II,1,,,
1-Pentyl nitrat,1-Pentyl nitrate,1002-16-0,C5H11NO3,II,1,,,
1-Propanthiol,1-Propanethiol,107-03-9,C3H8S,II,1,,,
"1-Trixyclo hexylstannyl-1,2,4-triazol","1-Tricyclohexylstannyl-1,2,4-triazol",41083-11-8,C20H35N3Sn,II,1,,,
"2,2-diclovinyl dimetyl photphat","2,2-dichlorovinyl dimethyl phosphate",62-73-7,C4H7Cl2O4P,II,1,,,
"2,2-Dimetyl-2,3-dihydro-1-benzofuran-7-yl [(dibutylamino) sunfanyl] metyl cacbamat","2,2-Dimethyl-2,3-dihydro-1-benzofuran-7-yl [(dibutylamino) sulfanyl]methyl carbamate",55285-14-8,C20H32N2O3S,II,1,,,
"2,3,4,6-Tetraclo phenol","2,3,4,6-Tetrachlorophenol",58-90-2,C6H2Cl4O,II,1,,,
"2,3-Butan dion (Diacetyl)","2,3-Butanedione (Diacetyl)",431-03-8,C4H6O2,II,1,,,
"2,3-Diclo anilin","2,3-Dichloro aniline",608-27-5,C6H5Cl2N,II,1,,,
"2,3-Dihydropyran",Dihydropyran,110-87-2,C5H8O,II,1,,,
"2,3-Dimetyl butan","2,3-Dimethylbutane",79-29-8,C6H14,II,1,,,
"2,3-Dinitro toluen","2,3-Dinitro toluene",602-01-7,C7H6N2O4,II,1,,,
"2,3-Xylenol","2,3-Xylenol",526-75-0,C8H10O,II,1,,,
"2,4,6-Triclophenol","2,4,6-Trichlorophenol",88-06-2,C6H3Cl3O,II,1,,,
"2,4-Diclo anilin","2,4-Dichloroaniline",554-00-7,C6H5Cl2N,II,1,,,
"2,4-Diclo phenol","2,4-Dichloro phenol",120-83-2,C6H4Cl2O,II,1,,,
"2,4-Diclophenyl isoxyanat","2,4-Dichloro phenyl isocyanate",2612-57-9,C7H3Cl2NO,II,1,,,
"2,4-Dinitro aniIin","2,4-Dinitro aniline",97-02-9,C6H5N3O4,II,1,,,
"2,4-Dinitro clobenzen","2,4-Dinitrochloro benzene",97-00-7,C6H3ClN2O4,II,1,,,
"2,4-Hexadien","2,4-Hexadiene",592-46-1,C6H10,II,1,,,
"2,4-Xylenol","2,4-Xylenol",105-67-9,C8H10O,II,1,,,
"2,4-Xylidin","2,4-Xylidine",95-68-1,C8H11N,II,1,,,
"2,5-Diclo anilin","2,5-Dichloroaniline",95-82-9,C6H5Cl2N,II,1,,,
"2,5-Norbornadien (Dicyclo heptadien)","2,5-Norbornadiene",121-46-0,C7H8,II,1,,,
"2,5-Xylenol","2,5-Xylenol",95-87-4,C8H10O,II,1,,,
"2,6-Diclo anilin","2,6-Dichloro aniline",608-31-1,C6H5Cl2N,II,1,,,
"2,6-Diclo benzonitril","2,6-Dichloro benzonitrile",1194-65-6,C7H3Cl2N,II,1,,,
"2,6-Dinitro toluen","2,6-Dinitro toluene",606-20-2,C7H6N2O4,II,1,,,
"2,6-Xylenol","2,6-Xylenol",576-26-1,C8H10O,II,1,,,
"2,6-Xylidin","2,6-Xylidine",87-62-7,C8H11N,II,1,,,
2- Brom propan,2-Bromopropane,75-26-3,C3H7Br,II,1,,,
2- Nitronaphthalen,2-Nitronaphthalene,581-89-5,C10H7NO2,II,1,,,
2-(4-tert-butyl phenoxy) xyclohexyl prop-2-yne-1-sunfonat,2-(4-tert-butylphenoxy)cyclohexyl prop-2-yne-1-sulfonate,2312-35-8,C19H26O4S,II,1,,,
2-Amino pyridin,2-Amino pyridine,504-29-0,C5H6N2,II,1,,,
2-Amino-4-clo phenol,2-Amino-4-chlorophenol,95-85-2,C6H6ClNO,II,1,,,
2-Brom butan,2-Bromo butane,78-76-2,C4H9Br,II,1,,,
"2-Brom-2-nitro-1,3-propandiol","2-Bromo-2-nitro-1,3-propanediol",52-51-7,C3H6BrNO4,II,1,,,
2-Brom-pentan,2-Bromopentane,107-81-3,C5H11Br,II,1,,,
2-Bromo-2-metyl propan,2-Bromo-2-methylpropane,507-19-7,C4H9Br,II,1,,,
2-Clo anilin,2-Chloroaniline,95-51-2,C6H6ClN,II,1,,,
2-Clo-3-metyl phenol,2-Chloro-3-methyl phenol,608-26-4,C7H7ClO,II,1,,,
2-Clo-4-nitroanilin,2-Chloro-4-nitroaniline,121-87-9,C6H5ClN2O2,II,1,,,
2-Clo-N-(ethoxy metyl)-N-(2-etyl-6-metyl phenyl) axetamit,2-Chloro-N-(ethoxymethyl)-N-(2-ethyl-6-methylphenyl) acetamide,34256-82-1,C14H20ClNO2,II,1,,,
2-Clo-N-isopropyl-N-phenyl axetamit,2-Chloro-N-isopropyl-N-phenyl acetamide,1918-16-7,C11H14ClNO,II,1,,,
2-Dimetyl-amino-ety-1-metacrylat,2-Dimethylaminoethyl methacrylate,2867-47-2,C8H15NO2,II,1,,,
2-Dimetyla mino etyl acrylat,2-Dimethyl amino ethyl acrylate,2439-35-2,C7H13NO2,II,1,,,
2-Ethoxy etanol,2-Ethoxy ethanol,110-80-5,C4H10O2,II,1,,,
2-Ethoxy etyl axetat,2-Ethoxyethyl acetate,111-15-9,C6H12O3,II,1,,,
2-Etyl butanol,2-Ethyl butanol,137-32-6,C5H12O,II,1,,,
2-Etyl butyl andehit,2-Ethylbutyraldehyde,97-96-1,C6H12O,II,1,,,
2-Etyl butyl axetat,2-Ethylbutyl acetate,10031-87-5,C8H16O2,II,1,,,
2-Etyl hexyl clo format,2-Ethyl hexyl chloro formate,24468-13-1,C9H17ClO2,II,1,,,
2-Etylhexylamin,2-Ethylhexylamine,104-75-6,C8H19N,II,1,,,
2-Heptanon,2-Heptanone,110-43-0,C7H14O,II,1,,,
2-Hexanon,2-Hexanone,591-78-6,C6H12O,II,1,,,
2-Iotpropan,2-Iodopropane,75-30-9,C3H7I,II,1,,,
2-Methoxy etanol,2-Methoxyethanol,109-86-4,C3H8O2,II,1,,,
2-Methoxy etyl axetat,2-Methoxy ethyl acetate,110-49-6,C5H10O3,II,1,,,
2-Metyl furan,2-Methyl furan,534-22-5,C5H6O,II,1,,,
2-Metyl pentan-2-ol,2-Methyl-2-pentanol,590-36-3,C6H14O,II,1,,,
2-Metyl tetrahydrofuran,2-Methyltetrahydrofuran,96-47-9,C5H10O,II,1,,,
2-metyl xyclo hexanon,2-methyl cyclo hexanone,583-60-8,C7H12O,II,1,,,
2-Metyl-5-etylpyridin,2-Methyl-5-ethyl pyridine,104-90-5,C8H11N,II,1,,,
2-Nitroanilin,2-Nitroaniline,88-74-4,C6H6N2O2,II,1,,,
2-Nitropropan,2-Nitropropane,79-46-9,C3H7NO2,II,1,,,
2-Pentanol,2-Pentanol,6032-29-7,C5H12O,II,1,,,
2-Pentanon,2-Pentanone,107-87-9,C5H10O,II,1,,,
"2-Tert-butyl-4,6-dinitrophenol","2-tert-Butyl-4,6-dinitrophenol",1420-07-1,C10H12N2O5,II,1,,,
2-Tetrahydro furfuryl amin,2-Tetrahydrofurfuryl amine,4795-29-3,C5H11NO,II,1,,,
2-Xyanopropan-2-ol,2-cyanopropan-2-ol (acetone cyanohydrin),75-86-5,C4H7NO,II,1,,,
"3,3,5-Trimetyl xyclohexyl amin","3,3,5-Trimethyl cyclohexylamine",15901-42-5,C9H19N,II,1,,,
"3,3-Dietoxy propen","3,3-Diethoxy propene",3054-95-3,C7H14O2,II,1,,,
"3,4-Diclo anilin","3,4-Dichloro aniIine",95-76-1,C6H5Cl2N,II,1,,,
"3,4-Diclophenyl isoxyanat","3,4-Dichloro phenyl isocyanate",102-36-3,C7H3Cl2NO,II,1,,,
"3,4-Dinitro toluen","3,4-Dinitro toluene",610-39-9,C7H6N2O4,II,1,,,
"3,4-Xylenol","3,4-Xylenol",95-65-8,C8H10O,II,1,,,
"3,5-Diclo anilin","3,5-Dichloro aniline",626-43-7,C6H5Cl2N,II,1,,,
"3,5-Diclo phenyl isoxyanat","3,5-Dichloro phenyl isocyanate",34893-92-0,C7H3Cl2NO,II,1,,,
"3,5-Xylenol","3,5-Xylenol",108-68-9,C8H10O,II,1,,,
"3-(3,5-diclo phenyl)-1,5-dimetyl-3-azabicyclo[3.1.0] hexan-2,4-dion","3-(3,5-dichloro phenyl)-1,5-dimethyl-3-azabicyclo[3.1.0] hexane-2,4-dione",32809-16-8,C13H11Cl2NO2,II,1,,,
3-(Methylmercapto) propionaldehyde,3-(Methylmercapto) propionaldehyde,3268-49-3,C4H8OS,II,1,,,
3-(Trifluoromethyl) phenyl isocyanat,3-(Trifluoromethyl) phenyl isocyanate,329-01-1,C8H4F3NO,II,1,,,
3-Amino pyridin,3-Amino pyridine,462-08-8,C5H6N2,II,1,,,
3-Brom propyn,3-Bromopropyne (Propargyl bromide),106-96-7,C3H3Br,II,1,,,
3-Clo anilin,3-Chloroaniline,108-42-9,C6H6ClN,II,1,,,
3-Clo phenol,3-Chlorophenol,108-43-0,C6H5ClO,II,1,,,
3-Clo propanol-1,3-Chloropropan-1-ol,19210-21-0,C3H7ClO,II,1,,,
3-Hydroxy-2-butanon,3-Hydroxy-2-butanone,513-86-0,C4H8O2,II,1,,,
3-Methoxy anilin,3-Methoxyaniline,536-90-3,C7H9NO,II,1,,,
3-Metyl xyclohexanon,3-methyl cyclohexanone,591-24-2,C7H12O,II,1,,,
3-Nitroanilin,3-Nitroaniline,99-09-2,C6H6N2O2,II,1,,,
3-Nitrobenzen sunphonic axit,3-Nitrobenzene sulfonic acid,98-47-5,C6H5NO5S,II,1,,,
3-Pentanon,3-Pentanone,96-22-0,C5H10O,II,1,,,
4-Amino pyridin,4-Amino pyridine,504-24-5,C5H6N2,II,1,,,
4-Biphenyl amin,4-Aminobiphenyl,92-67-1,C12H11N,II,1,,,
4-Brom-2-(4-clophenyl)-1-ethoxy metyl-5-triflo metyl-1H-pyrrole-3-cacbonitril,4-Bromo-2-(4-chloro phenyl)-1-ethoxy methyl-5-trifluoro methyl-1H-pyrrole-3-carbonitrile,122453-73-0,C15H11BrClF3N2O,II,1,,,
4-Clo anilin,4-Chloroaniline,106-47-8,C6H6ClN,II,1,,,
4-Clo phenol,4-Chlorophenol,106-48-9,C6H5ClO,II,1,,,
4-Clo-3-metyl phenol,4-Chloro-3-methyl phenol,59-50-7,C7H7ClO,II,1,,,
4-Metyl morpholin,4-Methylmorpholine,109-02-4,C5H11NO,II,1,,,
4-Metyl xyclohexanon,4-methyl cyclohexanone,589-92-4,C7H12O,II,1,,,
4-Metyl-4-mercaptopentan-2-one,4-Methyl-4-mercaptopentan-2-one,19872-52-7,C6H12OS,II,1,,,
4-nitro benzen sunphonic axit,4-Nitrobenzene sulfonic acid,138-42-1,C6H5NO5S,II,1,,,
4-Nitroanilin,4-Nitroaniline,100-01-6,C6H6N2O2,II,1,,,
"5-Tert-Butyl-2,4,6-trinitro-m-xylen","5-tert-Butyl-2,4,6-trinitro-m-xylene",81-15-2,C12H15N3O6,II,1,,,
"6-Ethoxy-2,2,4-trimetyl-1,2-dihydro quinolin","6-Ethoxy-2,2,4-trimethyl-1,2-dihydroquinoline",91-53-2,C14H19NO,II,1,,,
Acrolein,Acrolein (2-Propenal),107-02-8,C3H4O,II,1,,,
Acrylonitrile,Acrylonitrile,107-13-1,C3H3N,II,1,,,
Adiponitril,Adiponitrile,111-69-3,C6H8N2,II,1,,,
Allyl amin,Allyl amine (2-Propen-1-amine),107-11-9,C3H7N,II,1,,,
Allyl axetat,Allyl acetate,591-87-7,C5H8O2,II,1,,,
Allyl bromua,Allyl bromide,106-95-6,C3H5Br,II,1,,,
Allyl chlorit,Allyl chloride,107-05-1,C3H5Cl,II,1,,,
Allyl clo fomat,Allyl chloro formate,2937-50-0,C4H5ClO2,II,1,,,
Allyl etyl ete,Allyl ethyl ether,557-31-3,C5H10O,II,1,,,
Allyl glycidyl ete,Allyl glycidyl ether,106-92-3,C6H10O2,II,1,,,
Allyl isotioxyanat,Allyl isothio cyanate,57-06-7,C4H5NS,II,1,,,
Allyl triclo silan,Allyl trichloro silane,107-37-9,C3H5Cl3Si,II,1,,,
Alpha-hexaclo xyclohexan,Alpha-hexachloro cyclohexane,319-84-6,C6H6Cl6,II,1,,,
Alpha-metyl benzyl alcohol,Alpha-Methyl benzyl alcohol,13323-81-4,C8H10O,II,1,,,
Alpha-Metyl valeraldehit,Alpha-methyl valeraldehyde,123-15-9,C6H12O,II,1,,,
Alpha-naphtyl thiourea,Alpha-naphthyl thiourea,86-88-4,C11H10N2S,II,1,,,
Aminocarb,Aminocarb,2032-59-9,C11H16 N2O2,II,1,,,
Amiăng trắng,Asbestos chrysotile,12001-29-5,Mg3(Si2O5)(OH)4,II,1,,,
Amon hydrodiflorua,Ammonium hydrogen difluoride,1341-49-7,NH4HF2,II,1,,,
Amon sunfua,Ammonium sulfide,12135-76-1,(NH4)2S,II,1,,,
Amoni perclorat,Ammonium perchlorate,7790-98-9,NH4ClO4,II,1,,,
Amoni persunphat,Ammonium persulfate,7727-54-0,H8N2O8S2,II,1,,,
Amoniac (khan),Ammonia (anhydrous),7664-41-7,NH3,II,1,,,
Amyl axetat,Amyl acetate,628-63-7,C7H14O2,II,1,,,
Amyl butyrat,Amyl butyrate,106-27-4,C9H18O2,II,1,,,
Amyl format,Amyl formate,638-49-3,C7H5Cl3,II,1,,,
Amyl mercaptan,Amyl mercaptan,110-66-7,C5H12S,II,1,,,
Amyl triclo silan,Amyl trichloro silane,107-72-2,C5H11Cl3Si,II,1,,,
Anilin,Aniline,62-53-3,C6H7N,II,1,,,
Anilin hydroclorit,Aniline hydrocloride,142-04-1,C6H8ClN,II,1,,,
Anisol (methoxy benzen),Anisole (methoxybenzene),100-66-3,C7H8O,II,1,,,
"Anthracen-9,10-dion","Anthracene-9,10-dione",84-65-1,C14H8O2,II,1,,,
Antimonony clorua,Antimony trichloride,10025-91-9,SbCl3,II,1,,,
Argon,Argon,7440-37-1,Ar,II,1,,,
Atrazin,Atrazine,1912-24-9,C8H14ClN5,II,1,,,
Axetandehit,Acetaldehyde,75-07-0,C2H4O,II,1,,,
Axetandehit oxim,Acetaldehyde oxime,107-29-9,C2H5NO,II,1,,,
Axetonitril,Acetonitrile,75-05-8,C2H3N,II,1,,,
Axetylen,Acetylene,74-86-2,C2H2,II,1,,,
Axit 2-axetyloxy benzoic,2-Acetyloxy benzoic acid,50-78-2,C9H8O4,II,1,,,
Axit 2-clo propionic,2-Chloropropionic acid,598-78-7,C3H5ClO2,II,1,,,
Axit acrylic,Acrylic acid,79-10-7,C3H4O2,II,1,,,
Axit bo triflo axetic,Boron trifluoride acetic acid,7578-36-1,C2H4BF3O2,II,1,,,
Axit brom axetic,Bromoacetic acid,79-08-3,C2H3BrO2,II,1,,,
Axit butyric,Butyric acid,107-92-6,C4H8O2,II,1,,,
Axit clo axetic,Chloroacetic acid,79-11-8,C2H3ClO2,II,1,,,
Axit cloric,Chloric acid,7790-93-4,HClO3,II,1,,,
Axit cresylic,Cresylic acid,1319-77-3,C7H8O,II,1,,,
Axit crotonic,Crotonic acid,107-93-7,C4H6O2,II,1,,,
Axit diclo axetic,Dichloroacetic acid,79-43-6,C2H2Cl2O2,II,1,,,
Axit diclo isoxyanuric,Dichloro isocyanuric acid,2782-57-2,C3HCl2N3O3,II,1,,,
Axit diflo photphoric,Difluoro phosphoric acid,13779-41-4,HPO2F2,II,1,,,
Axit flo silicic,Hexafluoro silicic acid,16961-83-4,H2SiF6,II,1,,,
Axit flo sunphonic,Fluorosulfonic acid,7789-21-1,HSO3F,II,1,,,
Axit floroboric,Fluoroboric acid,16872-11-0,HBF4,II,1,,,
Axit hexaflo photphoric,Hexafluoro phosphoric acid,16940-81-1,HPF6,II,1,,,
Axit indolacetic,Indolacetic Aacid,87-51-4,C10H8NO2,II,1,,,
Axit isobutyric,Isobutyric acid,79-31-2,C4H8O2,II,1,,,
Axit metacrylic,Methacrylic acid,79-41-4,C4H6O2,II,1,,,
Axit nitric,Nitric acid,7697-37-2,HNO3,II,1,,,
Axit nitrobenzen sunphonic,Sodium 3-nitrobenzene sulphonate,127-68-4,C6H4NNaO5S,II,1,,,
Axit nitrosyl sunphuric,Nitrosyl sulfuric acid,7782-78-7,NOHSO4,II,1,,,
Axit percloric,Perchloric acid,7601-90-3,HClO4,II,1,,,
Axit phenol sunphonic,Phenolsulfonic acid,1333-39-7,C6H6O4S,II,1,,,
Axit photphoric,Phosphoric acid,7664-38-2,H3PO4,II,1,,,
Axit propionic,Propanoic acid,79-09-4,C3H6O2,II,1,,,
Axit selenic,Selenic acid,,H2SeO4,II,1,,,
Axit selenơ,Selenious acid,7783-00-8,H2SeO3,II,1,,,
Axit thioglycolic,Thioglycolic acid,68-11-1,C2H4O2S,II,1,,,
Axit triclo axetic,Trichloroacetic acid,76-03-9,C2HCl3O2,II,1,,,
Axit triclo isoxyanuric,Trichloro isocyanuric acid,87-90-1,C3Cl3N3O3,II,1,,,
Axit triflo axetic,Trifluoroacetic acid,76-05-1,C2HF3O2,II,1,,,
Bari,Barium,7440-39-3,Ba,II,1,,,
Bari bromic,Barium bromate,13967-90-3,Ba(BrO3)­2,II,1,,,
Bari clorat,Barium chlorate,13477-00-4,Ba(ClO3)2,II,1,,,
Bari hypoclorit,Barium hypochlorite,13477-10-6,Ba(ClHO)2,II,1,,,
Bari nitrat,Bari nitrate,10022-31-8,Ba(NO3)2,II,1,,,
Bari oxit,Barium oxide,1304-28-5,BaO,II,1,,,
Bari perclorat,Barium perchlorate,13465-95-7,Ba(ClO4)2,II,1,,,
Bari peroxit,Barium peroxide,1304-29-6,BaO2,II,1,,,
"Benz(a) anthracen (1,2-Benzoanthracen)","Benz(a) anthracene (1,2-Benzoanthracene)",56-55-3,C18H12,II,1,,,
Benzen sunphonyl clorua,Benzene sulfonyl chloride,98-09-9,C6H5ClO2S,II,1,,,
Benzo triclorua,Benzo trichloride,98-07-7,C7H5Cl3,II,1,,,
Benzo triflorua,Benzo trifluoride (Trifluorotoluene),98-08-8,C7H5F3,II,1,,,
Benzoyl clorua,Benzoyl chloride,98-88-4,C7H5ClO,II,1,,,
Benzoyl peroxit,Benzoyl peroxide,94-36-0,C14H10O4,II,1,,,
Benzyl dimetyl amin,Dimethyl benzyl amine,103-83-3,C9H13N,II,1,,,
Beta-hexaclo xyclohexan,Beta-hexachloro cyclohexane,319-85-7,C6H6Cl6,II,1,,,
Bis(3-aminopropyl) amin,Bis(3-aminopropyl) amine,56-18-8,C6H17N3,II,1,,,
Bis(clo metyl) ete,Bis(chloro methyl) ether,542-88-1,C2H4Cl2O,II,1,,,
Bis[tris(2-metyl-2-phenyl propyl)zinn] oxiy,Bis[tris(2-methyl-2-phenyl propyl)zinn] oxiy,13356-08-6,C60H78OSn2,II,1,,,
Bo tribromua,Boron tribromide,10294-33-4,BBr3,II,1,,,
Bo triflo dietyl etherat,Boron trifluoride diethyl etherate,109-63-7,C4H10BF3O,II,1,,,
Bo trifluorua,Boron trifluoride,,BF3,II,1,,,
Brom axeton,Bromo acetone,598-31-2,C3H5BrO,II,1,,,
Brom benzen,Bromobenzene,108-86-1,C6H5Br,II,1,,,
Brom clorua,Bromine monochloride,13863-41-7,BrCl,II,1,,,
Bromoform,Bromoform,75-25-2,CHBr3,II,1,,,
"Butan, 2-iot-","Butane, 2-iodo-",513-48-4,C4H9I,II,1,,,
Butenal,Crotonaldehyde,123-73-9,C4H6O,II,1,,,
Butyl acrylat,Butyl acrylate,141-32-2,C7H12O2,II,1,,,
Butyl benzene,Butyl benzene,104-51-8,C10H14,II,1,,,
Butyl mercaptan (Butanethiol),Butyl mercaptan (Butanethiol),109-79-5,C4H10S,II,1,,,
Butyl metyl ete,Butyl methyl ether,628-28-4,C5H12O,II,1,,,
Butyl nitrit,Butyl nitrite,544-16-1,C4H9NO2,II,1,,,
Butyl propionat,Butyl propionate,590-01-2,C7H14O2,II,1,,,
Butyl vinyl ete,Tert-Butyl vinyl ether,926-02-3,C6H12O,II,1,,,
Butyraldehit,Butyraldehyde,123-72-8,C4H8O,II,1,,,
Butyric anhydrit,Butyric anhydride,106-31-0,C8H14O3,II,1,,,
Butyronitril,Butyronitrile,109-74-0,C4H7N,II,1,,,
Butyryl clorua,Butyryl chloride,141-75-3,C4H7ClO,II,1,,,
Bạc nitrat,Silver nitrate,7761-88-8,AgNO3,II,1,,,
Bột nhôm,Aluminium powder,7429-90-5,Al,II,1,,,
Cacbon tetrabromit,Tetrabromomethane,558-13-4,CBr4,II,1,,,
Cacbonyl florua,Carbonyl fluoride,353-50-4,COF2,II,1,,,
Cadimi selenua,Cadmium selenide,1306-24-7,CdSe,II,1,,,
Cadimi tetraflo borat,Cadmium fluoro borate,14486-19-2,Cd(BF4)2,II,1,,,
Cadmi tellurua,Cadmium telluride,1306-25-8,CdTe,II,1,,,
Canxi,Calcium,7440-70-2,Ca,II,1,,,
Canxi cacbua,Calcium carbide,75-20-7,CaC2,II,1,,,
Canxi clorat,Calcium chlorate,10037-74-3,Ca(ClO3)2,II,1,,,
Canxi hypoclorua,Calcium hypochlorite,7778-54-3,Ca(ClO)2,II,1,,,
Canxi nitrat,Calcium nitrate,10124-37-5,Ca(NO3)2,II,1,,,
Canxi perclorat,Calcium perchlorate,13477-36-6,Ca(ClO4)2,II,1,,,
Canxi peroxit,Calcium peroxide,1305-79-9,CaO2,II,1,,,
Canxi resinat,Calcium resinate,9007-13-0,C40H58CaO4,II,1,,,
Canxi silicua,Calcium silicide,12013-56-8,CaSi2,II,1,,,
Carbon tetraclorit,Carbon tetrachloride,56-23-5,CCl4,II,1,,,
Ceri nitrat,Caesium nitrate,7789-18-6,CsNO3,II,1,,,
Ceri sắt,Ferrocerium,69523-06-4,,II,1,,,
"Chrysen (1,2-benzophenanthren)","Chrysen (1,2-benzophenanthrene)",218-01-9,C18H12,II,1,,,
Clo,Chlorine,7782-50-5,Cl2,II,1,,,
Clo axetandehit,2-Chloro acethanal,107-20-0,C2H3ClO,II,1,,,
Clo axeton,Chloroacetone,78-95-5,C3H5ClO,II,1,,,
Clo axetonitril,Chloroacetonitrile,107-14-2,C2H2ClN,II,1,,,
Clo axetophenon,Phenacyl chloride,532-27-4,C8H7ClO,II,1,,,
Clo benzo triflorua,Chlorobenzotri fluoride,88-16-4,C7H4ClF3,II,1,,,
Clo diflo brom metan,Bromo chlorodifluoro methane,353-59-3,CF2ClBr,II,1,,,
Clo metyl etyl ete,Chloromethyl ethyl ether,3188-13-4,C3H7ClO,II,1,,,
Clo rambucil,Chlo rambucil,305-03-3,C14H19CI2NO2,II,1,,,
Clo silan,Chlorosilane,13465-78-6,ClH3Si,II,1,,,
Clo triflorua,Chlorine trifluoride,7790-91-2,ClF3,II,1,,,
Cloanilin,Chlorobenzene,108-90-7,C6H5Cl,II,1,,,
Cloaxetyl clorua,Chloroacetyl chloride,79-04-9,C2H2Cl2O,II,1,,,
Clopyralit,Clopyralid,1702-17-6,C6H3Cl2NO2,II,1,,,
Clorpyrifos,Chlorpyrifos,2921-88-2,C9H11Cl3NO3PS,II,1,,,
Coban (II) naphthenat,Cobalt (II) naphthenate,61789-51-3,C22H16CoO4,II,1,,,
Cumen,Cumene,98-82-8,C9H12,II,1,,,
Cyanazin,Cyanazine,21725-46-2,C9H13ClN6,II,1,,,
Decahydro naphathalen,Decahydronaphthalene,91-17-8,C10H18,II,1,,,
Demeton,Demeton,126-75-0,C8H19O3PS2,II,1,,,
"Demeton-s-metyl (S-2-Etyl thioetyl O, O-dimetyl photphorothioat)","Demeton-s-methyl (S-2-Ethyl thioethyl O, O-dimethyl phosphorothioate)",919-86-8,C6H15O3PS2,II,1,,,
Di butyl oxit thiếc,Dibultyltin oxide,818-08-6,C8H18OSn,II,1,,,
Di-n-amyl amin,Di-n-amyl amine,2050-92-2,C10H23N,II,1,,,
Di-n-butyl amin,Dibutyl amine,111-92-2,C8H19N,II,1,,,
Di-n-propyl ete,Di-n-propyl ether,111-43-3,C6H14O,II,1,,,
Diallyl ete,Diallylether,557-40-4,C6H10O,II,1,,,
Diallylamin,Diallylamine,124-02-7,C6H11N,II,1,,,
Diazinon,Diazinon,333-41-5,C12H21N2O3PS,II,1,,,
Diazometan,Diazomethane,334-88-3,CH2N2,II,1,,,
Dibutyl amino etanol,Dibutyl amino ethanol,102-81-8,C10H23NO,II,1,,,
Dibutyl ete,Dibutyl ether,142-96-1,C8H18O,II,1,,,
Diclo axetyl clorua,Dichloro acetyl chloride,79-36-7,C2HCl3O,II,1,,,
Dicrom tris(­cromat),Dichromium tris(chromate),24613-89-6,Cr2(CrO4)3,II,1,,,
Dicrotophos,Dicrotophos ((E)-2-Dimethyl carbamoyl-1-methyl vinyl dimethyl phosphate),141-66-2,C8H16NO5P,II,1,,,
Dietoxymetan,Diethoxy methane,462-95-3,C5H12O2,II,1,,,
Dietyl aminopropyl amin,Diethyl aminopropyl amine,109-55-7,C5H14N2,II,1,,,
Dietyl bezen,Diethyl benzene,25340-17-4,C10H14,II,1,,,
Dietyl cacbonat (etyl cacbonat),Diethyl cacbonate (ethyl carbonate),105-58-8,C5H10O3,II,1,,,
Dietyl diclo silan,Diethyl dichloro silane,1719-53-5,C4H10Cl2Si,II,1,,,
Dietyl kẽm,Diethylzinc,557-20-0,C4H10Zn,II,1,,,
Dietyl phthalat (DEP）,Diethyl phthalate (DEP）,84-66-2,C12H14O4,II,1,,,
Dietyl sunfit,Diethyl sulfide,352-93-2,C4H10S,II,1,,,
Dietyl thiophotphoryl clo,Diethylthiophosphoryl chloride,,C4H10ClO2PS,II,1,,,
Dietylen triamin,Diethylene triamine,111-40-0,C4H13N3,II,1,,,
Diflo metan,Difluoromethane,75-10-5,CH2F2,II,1,,,
Diisobutyl keton,Diisobutyl ketone,108-83-8,C9H18O,II,1,,,
Diisobutyllen,Diisobutylene,107-39-1,C8H16,II,1,,,
Diisopropyl ete,Diisopropyl ether,108-20-3,C6H14O,II,1,,,
Diisopropyla min,Diisopropyl amine,108-18-9,C6H15N,II,1,,,
Diketen (3-Butenoic axit),Diketene (3-Butenoic acid),674-82-8,C4H4O2,II,1,,,
"Dimetyl 2,3,5,6-tetraclo benzen-1,4-dicacboxylat","Dimethyl 2,3,5,6-tetrachloro benzene-1,4-dicarboxylate",1861-32-1,C10H6Cl4O4,II,1,,,
Dimetyl amin carbonyl clorua,Dimethyl carbamoyl chloride,79-44-7,C3H6CINO,II,1,,,
Dimetyl amino axeto nitril,Dimethyl amino aceto nitril,926-64-7,C4H8N2,II,1,,,
Dimetyl axetylen,Dimethyl acetylene,503-17-3,C4H6,II,1,,,
Dimetyl cacbon,Dimethyl carbonate,616-38-6,C3H6O3,II,1,,,
Dimetyl dietoxy silan,Dimethyl diethoxy silane,78-62-6,C6H16O2Si,II,1,,,
Dimetyl disunfit,Dimethyl disulfide,624-92-0,C2H6S2,II,1,,,
Dimetyl kẽm,Dimethyl zinc,544-97-8,C2H6Zn,II,1,,,
Dimetyl nitro amin,Dimethyl nitros amine,62-75-9,C2H6N2O,II,1,,,
Dimetyl sunfit,Dimethyl sulfide,75-18-3,C2H6S,II,1,,,
Dimetyl thiophotphoryl clorua,Dimethyl thiophosphoryl chloride,2524-03-0,C2H6ClO2PS,II,1,,,
"Dimetyl-1,2-dibrom-2,2-diclo etyl photphat","Dimethyl-1,2-dibromo-2,2-dichlorethyl phosphate",300-76-5,C4H7Br2Cl2O4P,II,1,,,
"Dinitro toluen (2,4-DNT)","2,4-Dinitro toluene (2,4-DNT)",121-14-2,C7H6N2O4,II,1,,,
Dinitro toluen (hỗn hợp đồng phân),Dinitro toluene (mixed isomers),25321-14-6,C7H6N2O4,II,1,,,
Dinitơ tetraoxit,Dinitrogen tetroxide,10544-72-6,N2O4,II,1,,,
Dioxathion (hỗn hợp đồng phân),Dioxathion (isomer mixture),78-34-2,C12H26O6P2S4,II,1,,,
Dioxolan,Dioxolane,646-06-0,C3H6O2,II,1,,,
Diphenyl diclo silan,Diphenyl dichloro silane,80-10-4,C12H10Cl2Si,II,1,,,
Dipropyl amin,Dipropylamine,142-84-7,C6H15N,II,1,,,
Dipropyl keton,Dipropyl ketone,123-19-3,C7H14O,II,1,,,
Dixyclohexyl amin,Dicyclo hexylamine,101-83-7,C12H23N,II,1,,,
Dixyclopentadien,Dicyclo pentadiene,77-73-6,C10H12,II,1,,,
Epibrom hydrin,Epibromo hydrin,3132-64-7,C3H5BrO,II,1,,,
Etanol amin,Ethanolamine,141-43-5,C2H7NO,II,1,,,
Ethalfluralin,Ethafluralin,55283-68-6,C13H14F3N3O4,II,1,,,
Ethoxy sunfuron,Ethoxysulfuron,126801-58-9,C15H18N4O7S,II,1,,,
Etyl 2-clo propionat,Ethyl 2-chloropropionate,535-13-7,C5H9ClO2,II,1,,,
Etyl acrylat,Ethyl acrylate,140-88-5,C5H8O2,II,1,,,
Etyl amyl keton,Ethyl amyl ketone,541-85-5,C8H16O,II,1,,,
Etyl axetat,Ethyl acetate,141-78-6,C4H8O2,II,1,,,
Etyl brom axetat,Ethyl bromoacetate,105-36-2,C4H7BrO2,II,1,,,
Etyl bromua,Bromoethane,74-96-4,C2H5Br,II,1,,,
Etyl butyl ete,Ethyl butyl ether,628-81-9,C6H14O,II,1,,,
Etyl cacbamat,Ethyl carbamate,51-79-6,C3H7NO2,II,1,,,
Etyl clo axetat,Ethyl chloracetate,105-39-5,C4H7ClO2,II,1,,,
Etyl clo thioformat,Ethyl chlorothioformate,142-62-1,C6H12O2,II,1,,,
Etyl diclo silan,Ethyldichlorosilane,1789-58-8,C2H6Cl2Si,II,1,,,
Etyl format,Ethyl formate,109-94-4,C3H6O2,II,1,,,
Etyl isobutyrat,Ethyl isobutyrate,97-62-1,C6H12O2,II,1,,,
Etyl lactat,Ethyl lactate,687-47-8,C5H10O3,II,1,,,
Etyl metacrylat,Ethyl methacrylate,97-63-2,C6H10O2,II,1,,,
Etyl orthoformat,Ethyl orthoformate,122-51-0,C7H16O3,II,1,,,
Etyl propionat,Ethyl propionate,105-37-3,C5H10O2,II,1,,,
Etyl propyl ete,Ethyl propyl ether,628-32-0,C5H12O,II,1,,,
Etyl trans-crotonat,Ethyl trans-crotonate,623-70-1,C6H10O2,II,1,,,
Etyl triclo silan,Ethyltrichlorosilane,115-21-9,C2H5Cl3Si,II,1,,,
"Etyl-(Z)-2-clo-3-(2-clo-5-(xyclohex-1-en-1,2-dicacbox-imido)phenyl) acrylat","Ethyl-(Z)-2-chlor-3-(2-chlor-5-(cyclohex-1-en-1,2-dicarbox-imido)phenyl) acrylate",142891-20-1,C19H17Cl2NO4,II,1,,,
"Etyl-3-​(3,5-​diclophenyl)​-​5-metyl-​2,4-​dioxo-​5-​oxazolidin cacboxylat","Ethyl-3-​(3,5-​dichlorphenyl)​-​5-methyl-​2,4-​dioxo-​5-​oxazolidincarboxylat",84332-86-5,C13H11Cl2NO5,II,1,,,
"Etyl-N-[(2,3-dihydro-2,2-dimetyl-7-benzo furanyloxy-cacbonyl) metylaminothio]-N-isopropyl-beta-alaninat","Ethyl-N-[(2,3-dihydro-2,2-dimethyl-7-benzofuranyloxy-carbonyl) methylaminothio]-N-isopropyl-beta-alaninat",82560-54-1,C20H30N2O5S,II,1,,,
Etylen,Ethylene,74-85-1,C2H4,II,1,,,
Etylen imin,Ethylen imine,151-56-4,C2H5N,II,1,,,
Etylen thiourea,Ethylene thiourea,96-45-7,C3H6N2S,II,1,,,
Fenarimol,Fenarimol,60168-88-9,C17H12Cl2N2O,II,1,,,
Fenthion,Fenthion,55-38-9,C10H15O3PS2,II,1,,,
Flo anilin,Fluoro aniline,348-54-9,C6H6NF,II,1,,,
Flo benzen,Fluorobenzene,462-06-6,C6H5F,II,1,,,
Flo percloryl,Perchloryl fluoride,7616-94-6,FClO3,II,1,,,
Flufenoxuron,Flufenoxuron,101463-69-8,C21H11ClF6N2O3,II,1,,,
Flurprimidol,Flurprimidol,56425-91-3,C15H15F3N2O2,II,1,,,
Fumaryl clorua,Fumaryl chloride,627-63-4,C4H2Cl2O2,II,1,,,
Furfuryl alcohol,Furfuryl alcohol,98-00-0,C5H6O2,II,1,,,
Furfurylamin,Furfurylamine,617-89-0,C5H7NO,II,1,,,
Gali,Gallium,7440-55-3,Ga,II,1,,,
Glycerol alpha-monoclo hydrin,Glycerol alpha-monochlorohydrin,96-24-2,C3H7ClO2,II,1,,,
Glycidaldehit,Glycidaldehyde,765-34-4,C3H4O2,II,1,,,
Guanidin nitrat,Guanidine nitrate,506-93-4,CH6N4O3,II,1,,,
Heli,Helium,7440-59-7,He,II,1,,,
Hexabrom xyclododecan,Hexabromo cyclododecane,134237-50-6,C12H18Br6,II,1,,,
Hexaclo butadien,Hexachloro butadiene,87-68-3,C4Cl6,II,1,,,
Hexaclo xyclopentadien,Hexachloro cyclopentadiene,77-47-4,C5Cl6,II,1,,,
Hexaclophen,Hexachlorophene,70-30-4,C13H6Cl6O2,II,1,,,
Hexadecyltriclo silan,Hexadecyltrichloro silane,5894-60-0,C16H33Cl3Si,II,1,,,
Hexaflo axeton hydrat,Hexafluoroacetone,684-16-2,C3OF6,II,1,,,
Hexahydro phthalic anhydrit,Hexahydrophthalic anhydride,85-42-7,C8H10O3,II,1,,,
Hexahydro-4-metyl phthalic anhydrit,Hexahydro-4-methylphthalic anhydride,19438-60-9,C9H12O3,II,1,,,
Hexahydromethyl phthalic anhydrit,Hexahydromethyl phthalic anhydride,25550-51-0,C9H12O3,II,1,,,
Hexaldehit,Hexanal,66-25-1,C6H12O,II,1,,,
Hexametyl photpho amit,Hexamethyl phosphoro amide,680-31-9,C6H18N3OP,II,1,,,
Hexametylen diamin,Hexa methylene diamine,124-09-4,C6H16N2,II,1,,,
Hexametylen tetramin,Hexametylentetramine,100-97-0,C6H12N4,II,1,,,
Hexametylenimin,Hexamethyleneimine,111-49-9,C6H13N,II,1,,,
Hydro,Hydrogen,1333-74-0,H2,II,1,,,
Hydro bromua,Hydrogen bromide,10035-10-6,HBr,II,1,,,
Hydro florua,Hydrogen fluoride,7664-39-3,HF,II,1,,,
Hydro iođua,Hydrogen iodide,10034-85-2,HI,II,1,,,
Hydro peroxit,Hydrogen peroxide,7722-84-1,H2O2,II,1,,,
Hydro selenua,Hydrogen selenide,,H2Se,II,1,,,
Hydro sunphua,Hydrogen sulphide,,H2S,II,1,,,
Hydroxy axeto nitril,Hydroxy aceto nitrile (glycolonitrile),107-16-4,C2H3NO,II,1,,,
Hydroxyl amin,Hydroxylamine,7803-49-8,H3NO,II,1,,,
Hydroxyl amin sunphat,Hydroxyl ammonium sulfate,10039-54-0,(NH3OH)2SO4,II,1,,,
Hydroxylamin hydroclorua,Hydroxylamine hydrochloride,,H3NOHCl,II,1,,,
"Hỗn hống kim loại kiềm, kiềm thổ",Amalgam,,,II,1,,,
Hợp chất Triorganostannic khác với tributyl thiếc,Triorganostannic compounds other than tributyltin compounds,,,II,1,,,
Iot,Iodine,7553-56-2,I2,II,1,,,
Iot axetyl,Acetyl iodide,507-02-8,C2H3IO,II,1,,,
Iot metyl propan,Iodomethylpropane,513-38-2,C4H9I,II,1,,,
Iot pentaflorua,Iodine pentafluoride,7783-66-6,IF5,II,1,,,
Iso-Amyl nitrite,Iso-Amyl nitrite,110-46-3,C5H11NO2,II,1,,,
Isobutanol,Isobutanol,78-83-1,C4H10O,II,1,,,
Isobutyl acrylat,Isobutyl acrylate,106-63-8,C7H12O2,II,1,,,
Isobutyl axetat,Isobutyl acetate,110-19-0,C6H12O2,II,1,,,
Isobutyl format,Isobutyl formate,542-55-2,C5H10O2,II,1,,,
Isobutyl isobutyrat,Isobutyl isobutyrate,97-85-8,C8H16O2,II,1,,,
Isobutyl metacrylat,Isobutyl methacrylate,97-86-9,C8H14O2,II,1,,,
Isobutyl propionat,Isobutyl propionate,540-42-1,C7H14O2,II,1,,,
Isobutylamin,Isobutylamine,78-81-9,C4H11N,II,1,,,
Isobutyraldehit,Isobutyraldehyde,78-84-2,C4H8O,II,1,,,
Isobutyric anhydrit,Isobutyric anhydride,97-72-3,C8H14O3,II,1,,,
Isobutyryl chlorit,Isobutyryl chloride,79-30-1,C4H7ClO,II,1,,,
Isohexen,Isohexene,691-37-2,C6H12,II,1,,,
Isooctan,Isooctene,11071-47-9,C8H16,II,1,,,
Isopenten,Isopentene,513-35-9,C5H10,II,1,,,
Isophoron diamin,Isophorone diamine,2855-13-2,C9H18N2O,II,1,,,
Isopropanol,Isopropyl alcohol,67-63-0,C3H8O,II,1,,,
Isopropenyl axetat,Isopropenyl acetate,108-22-5,C5H8O2,II,1,,,
Isopropenyl benzen,Isopropenyl benzene,98-83-9,C9H10,II,1,,,
Isopropyl axetat,Isopropyl acetate,108-21-4,C5H10O2,II,1,,,
Isopropyl butyrat,Isopropyl butyrate,638-11-9,C7H14O2,II,1,,,
Isopropyl cloaxetat,Isopropyl chloroacetate,105-48-6,C5H9ClO2,II,1,,,
Isopropyl isobutyrat,Isopropyl isobutyrate,617-50-5,C7H14O2,II,1,,,
Isopropyl nitrat,Isopropyl nitrate,1712-64-7,C3H7NO3,II,1,,,
Isopropyl propionat,Isopropyl propionate,637-78-5,C6H12O2,II,1,,,
Kali,Potassium,,K,II,1,,,
Kali bisulfat,Potassium hydrogen sulfate,7646-93-7,KHSO4,II,1,,,
Kali bromat,Potassium bromate,,KBrO3,II,1,,,
Kali florua,Potassium fluoride,7789-23-3,KF,II,1,,,
Kali hexaclo platinat (IV),Potassium hexachloro platinate (IV),16921-30-5,K2PtCl6,II,1,,,
Kali hexaflo silicat,Potassium hexafluoro silicate,16871-90-2,K2SiF6,II,1,,,
Kali hydroxit,Potassium hydroxide,1310-58-3,KOH,II,1,,,
Kali monoxit,Potassium oxide,12136-45-7,K2O,II,1,,,
Kali nitrit,Potassium nitrite,7758-09-0,KNO2,II,1,,,
Kali persunphat,Potassium persulfate,7727-21-1,K2S2O8,II,1,,,
Krypton,Krypton,7439-90-9,Kr,II,1,,,
Kẽm clorua,Zinc chloride,7646-85-7,ZnCl2,II,1,,,
Kẽm fluorosilicate,Zinc fluorosilicate,16871-71-9,ZnSiF6,II,1,,,
Kẽm hydrua,Zirconium (II) hydride,7704-99-6,ZrH2,II,1,,,
Kẽm nitrat,Zinc nitrate,7779-88-6,Zn(NO3)2,II,1,,,
Kẽm permanganat,Zinc permanganate,23414-72-4,Zn(MnO4)2,II,1,,,
Kẽm peroxit,Zinc peroxide,1314-22-3,ZnO2,II,1,,,
Kẽm photphua,Zinc phosphide,1314-84-7,Zn3P3,II,1,,,
Liti,Lithium,7439-93-2,Li,II,1,,,
Liti hypoclorua,Lithium hypochlorite,13840-33-0,LiClO,II,1,,,
Liti peroxit,Lithium peroxide,12031-80-0,Li2O2,II,1,,,
lod monoclorua,Iodine monochloride,7790-99-0,ICl,II,1,,,
Lưu huỳnh,Sulfur,7704-34-9,S,II,1,,,
Lưu huỳnh dioxit,Sulfur dioxide,,SO2,II,1,,,
Lưu huỳnh hexaflorua,Sulfur hexafluoride,2551-62-4,SF6,II,1,,,
m-Flo toluen,m-Fluoro toluene,352-70-5,C7H7F,II,1,,,
m-Xylen,m-Xylene,108-38-3,C8H10,II,1,,,
Magan nitrat,Manganese (II) nitrate,10377-66-9,Mn (NO3)2,II,1,,,
Magie,Magnesium,7439-95-4,Mg,II,1,,,
Magie nitrat,Magnesium nitrate,10377-60-3,Mg(NO3)2,II,1,,,
Magie peclorat,Magnesium perchlorate,10034-81-8,Mg(ClO4)2,II,1,,,
Magie peroxit,Magnesium peroxide,1335-26-8,MgO2,II,1,,,
Magie silicua,Magnesium silicide,22831-39-6,Mg2Si,II,1,,,
"Maned (cacbamodithioic axit, N, N -1,2-etan diylbis-mangan (2+) muối (1:1))","Maned (carbamodithioic acid, N, N -1,2-ethanediylbis-manganese (2+) salt (1:1))",12427-38-2,C4H6MnN2S4,II,1,,,
Mangan resinat,Manganese resinate,9008-34-8,C41H58O4Mg,II,1,,,
Mesityl oxit,Mesityl oxide,141-79-7,C6H10O,II,1,,,
Metacryl aldehit,Methacryl aldehyde,78-85-3,C4H6O,II,1,,,
Metaldehit,Metaldehyde,108-62-3,C8H16O4,II,1,,,
Methallyl alcohol,Methallyl alcohol,513-42-8,C4H8O,II,1,,,
Methomyl,Methomyl,16752-77-5,C5H10O2N2S,II,1,,,
Metyl 2-clo propionat,Methyl 2-chloropropionate,17639-93-9,C4H7ClO2,II,1,,,
Metyl axetat,Methyl acetate,79-20-9,C3H6O2,II,1,,,
Metyl bromit,Bromom ethane,74-83-9,CH3Br,II,1,,,
Metyl butyrat,Methyl n-butyrate,623-42-7,C5H10O2,II,1,,,
Metyl clo axetat,Methyl chloroacetate,96-34-4,C3H5ClO2,II,1,,,
Metyl diclo silan,Methyldichlorosilane,75-54-7,CH4Cl2Si,II,1,,,
Metyl hydrazin,"Methyl hydrazine (Hydrazine, methyl-)",60-34-4,CH6N2,II,1,,,
Metyl isobutyl carbinol,Methyl isobutyl carbinol,108-11-2,C6H14O,II,1,,,
Metyl isobutyl keton,Methyl isobutyl ketone,108-10-1,C6H12O,II,1,,,
Metyl isopropenyl keton,Methyl isopropenyl ketone,563-80-4,C5H10O,II,1,,,
Metyl isovalerat,Methyl isovalerate,556-24-1,C6H12O2,II,1,,,
Metyl lotua,Iodomethane,74-88-4,CH3I,II,1,,,
Metyl metacrylat,Methyl methacrylate,80-62-6,C5H8O2,II,1,,,
Metyl pentadien,Methyl pentadiene,926-56-7,C6H10,II,1,,,
Metyl phenyl diclosilan,Methyl phenyldichloro silane,149-74-6,C7H8Cl2Si,II,1,,,
Metyl propionat,Methyl propionate,554-12-1,C4H8O2,II,1,,,
Metyl propyl ete,Methyl propyl ether,557-17-5,C4H10O,II,1,,,
Metyl tert-butyl ete,Methyl tert-butyl ether,1634-04-4,C5H12O,II,1,,,
Metyl xyclo hexanol,Methylcyclohexanol,25639-42-3,C7H14O,II,1,,,
Metyl xyclohexan,Methylcyclohexane,108-87-2,C7H14,II,1,,,
Metyl xyclopentan,Methyl cyclopentane,96-37-7,C6H12,II,1,,,
Metylal,Dimethoxymethane,109-87-5,C3H8O2,II,1,,,
Metylallyl clo,Methyl allyl chloride,563-47-3,C4H7Cl,II,1,,,
Metylamyl axetat,Methylamyl acetate,108-84-9,C8H16O2,II,1,,,
Monometyl-dibrom-diphenyl metan,Monomethyl-dibromo-diphenyl methane (Trade name: DBBT),99688-47-8,C14H12Br2,II,1,,,
Monometyl-Tetraclodiphenyl metan,Monomethyl-Tetrachlorodiphenyl methane (Trade name: Ugilec 141),76253-60-6,C14H12Cl4,II,1,,,
Morpholin,Morpholine,110-91-8,C4H9NO,II,1,,,
"N, N'-[(Metylimino) dimetylidyn]di-2,4-xylidin","N, N'-[(Methylimino) dimethylidyne]di-2,4-xylidine",33089-61-1,C19H23N3,II,1,,,
"N, N-Dimetyl anilin","N, N-Dimethylaniline",121-69-7,C8H11N,II,1,,,
"N,N-dietyl amino etanol","N, N-Diethylaminoetanol",100-37-8,C6H15NO,II,1,,,
"N,N-Dietyl etylen diamin","N, N-Diethylethylene diamine",100-36-7,C6H16N2,II,1,,,
"N,N-dimetyl amino etanol và các muối proton hóa chất tương ứng","N, N -Dimetylaminoethanol",108-01-0,C4H11NO,II,1,,,
"N,N-dimetyl-p-toluidin","N,N-Dimethyl-p-toluidine",99-97-8,C9H13N,II,1,,,
N- butyl clorua,n-Butylchloride,109-69-3,C4H9Cl,II,1,,,
N-(Methoxy-metyl sunfanyl photphoryl) axetamit,N-(Methoxy-methyl sulfanylphosphoryl)acetamide,30560-19-1,C4H10NO3PS,II,1,,,
N-amino etyl piperazin,N-Amino ethyl piperazine,140-31-8,C6H15N3,II,1,,,
n-Amyl clo,n-Amyl chloride,543-59-9,C5H11Cl,II,1,,,
N-amylamin,Pentylamine,110-58-7,C5H13N,II,1,,,
n-Butanol,n-Butanol,71-36-3,C4H10O,II,1,,,
n-Butyl axetat,n-Butyl acetate,123-86-4,C6H12O2,II,1,,,
N-butyl clo format,N-Butyl chloroformate,592-34-7,C5H9ClO2,II,1,,,
N-butyl format,N-Butyl formate,592-84-7,C5H10O2,II,1,,,
N-butyl metacrylat,N-Butyl methacrylate,97-88-1,C8H14O2,II,1,,,
n-Butyl triclo silan,n-Butyltrichlorosilane,7521-80-4,C4H9Cl3Si,II,1,,,
n-Butyl vinyl ete,n-Butyl vinyl ether,111-34-2,C6H12O,II,1,,,
N-butylamin,n-Butylamine,109-73-9,C4H11N,II,1,,,
N-decan,N-Decane,124-18-5,C10H22,II,1,,,
N-etyl anilin,N-Ethylaniline,103-69-5,C8H11N,II,1,,,
N-Heptan,N-Heptane,142-82-5,C7H16,II,1,,,
N-heptanaldehit (Heptanal),N-Heptanaldehyde (Heptanal),111-71-7,C7H14O,II,1,,,
n-Hexan,n-Hexane,110-54-3,C6H14,II,1,,,
N-metyl anilin,N-Methyl aniline,100-61-8,C7H9N,II,1,,,
N-Metyl axetamit,N-methyl acetamide,79-16-3,C3H7NO,II,1,,,
N-metyl butyl amin,N-Methyl butyl amine,110-68-9,C5H13N,II,1,,,
N-Pentyl-isopentyl phthalat,N-pentyl-isopentyl phthalate,776297-69-9,C18H26O4,II,1,,,
N-Phenyl anilin,N-Phenyl aniline,122-39-4,C12H11N,II,1,,,
N-Propyl benzen,N-Propyl benzene,103-65-1,C9H12,II,1,,,
N-Propyl isoxyanat,N-Propyl isocyanate,110-78-1,C4H7NO,II,1,,,
"N-Sec-butyl-4-tert-butyl-2,6-dinitro anilin","N-sec-Butyl-4-tert-butyl-2,6-dinitroanilin",33629-47-9,C14H21O4N3,II,1,,,
Naphthalen,Naphthalene,91-20-3,C10H8,II,1,,,
Natri,Sodium,7440-23-5,,II,1,,,
Natri aluminat,Sodium aluminate,1302-42-7,NaAlO2,II,1,,,
Natri bromat,Sodium bromate,7789-38-0,NaBrO3,II,1,,,
Natri clo axetat,Sodium chloroacetate,3926-62-3,C2H3ClNaO2,II,1,,,
Natri clorit,Sodium chlorite,7758-19-2,NaClO2,II,1,,,
Natri flo silicat,Sodium fluorosilicate,16893-85-9,Na2SiF6,II,1,,,
Natri florua,Sodium fluoride,7681-49-4,NaF,II,1,,,
Natri hydrodiflorua,Sodium hydrogendifluoride,1333-83-1,NaHF2,II,1,,,
Natri hydrosunfua,Sodium hydrosulfide,16721-80-5,NaHS,II,1,,,
Natri hydroxit,Sodium hydroxide,1310-73-2,NaOH,II,1,,,
Natri hypoclorit,Sodium hypochlorite,7681-52-9,NaClO,II,1,,,
Natri metylat,Sodium methylate,124-41-4,CH3NaO,II,1,,,
Natri nhôm hydrua,Sodium aluminium hydride,13770-96-2,NaAlH4,II,1,,,
Natri oxit,Sodium oxide,1313-59-3,Na2O,II,1,,,
Natri pemanganat,Sodium permanganate,10101-50-5,NaMnO4,II,1,,,
Natri perborat,Sodium perborate,,NaBO3,II,1,,,
Natri perclorat,Sodium perchlorate,7601-89-0,NaClO4,II,1,,,
Natri persunphat,Sodium persulfate,7775-27-1,Na2S2O8,II,1,,,
Natri silicat,Sodium metasilicate,6834-92-0,Na2SiO3,II,1,,,
Natri sunfua,Sodium sulfide2,1313-82-2,Na2S,II,1,,,
Natri vanadat,Sodium vanadate,13718-26-8,NaVO3,II,1,,,
Natri đithionit,Sodium dithionite,7775-14-6,Na2S2O4,II,1,,,
Neon,Neon,,Ne,II,1,,,
Nhôm cacbua,Aluminium carbide,1299-86-1,Al4C3,II,1,,,
Nhôm clorua,Aluminium chloride,7446-70-0,AlCl3,II,1,,,
Nhôm nitrat,Aluminium nitrate,13473-90-0,Al(NO3)3,II,1,,,
Nhôm photphua,Aluminium phosphide (AlP),20859-73-8,AlP,II,1,,,
Nicotin salicylat,Nicotine salicylate,29790-52-1,C17H20N2O3,II,1,,,
Nicotin sunfat,Nicotine sulfate (1-1-Methyl-2-(3-pyridyl)-pynolidine sulfate),65-30-5,C20H30N4O4S,II,1,,,
Nitrobenzen,Nitrobenzene,98-95-3,C6H5NO2,II,1,,,
Nitrofen,"Nitrofen (2,4-Dichloro-1-(4-nitro phenoxy) benzene)",1836-75-5,C12H7Cl2NO3,II,1,,,
Nitrotriflorua,Nitrogen trifluoride,7783-54-2,NF3,II,1,,,
Nitơ,Nitrogen,7727-37-9,N2,II,1,,,
Nonan,Nonane,111-84-2,C9H20,II,1,,,
Nonylphenol,Nonylphenol,25154-52-3,C15H24O,II,1,,,
Nonylphenol ethoxylat,Ethoxylated nonylphenol,9016-45-9,C19H32O3,II,1,,,
"O,O-Dimetyl O-4-nitro-m-tolyl photphothioat","O,O-Dimethyl O-4-nitro-m-tolyl phosphorothioate",122-14-5,C9H12NO5PS,II,1,,,
o-Aminoazo toluen,O-Aminoazo toluene,97-56-3,C14H15N3,II,1,,,
o-Anisidin,o-Anisidine,90-04-0,C7H9NO,II,1,,,
O-diclo benzen,o-Dichlorobenzene,95-50-1,C6H4Cl2,II,1,,,
o-Flo toluen,o-Fluorotoluene,95-52-3,C7H7F,II,1,,,
O-tolidin,o-Tolidine,119-93-7,C14H16N2,II,1,,,
O-tolidin dihydro clo,o-Tolidine dihydrochloride,612-82-8,C14H18Cl2N2,II,1,,,
o-Xylen,o-Xylene,95-47-6,C8H10,II,1,,,
Ocryl aldehit (etyl hexadehyt),Ocryl aldehit (ethyl hexadehyd),124-13-0,C8H16O,II,1,,,
Octabrom diphenyl ete,Octabromodiphenyl ether,32536-52-0,C12H2Br8O,II,1,,,
Octaflo xyclobutan,Octafluorocyclobutane,115-25-3,C4F8,II,1,,,
Octan,Octane,111-65-9,C8H18,II,1,,,
Oxadiargyl,Oxadiargyl,39807-15-3,C15H14Cl2N2O3,II,1,,,
Oxy,Oxygen,7782-44-7,O2,II,1,,,
Oxy diflorua,Oxygen difluoride,7783-41-7,F2O,II,1,,,
p-Anisidin (4-Methoxy benzen anim),p-Anisidine (4-Methoxybenzenanime),104-94-9,C7H9NO,II,1,,,
p-Flo toluen,p-Fluorotoluene,352-32-9,C7H7F,II,1,,,
p-Nitro clo benzen,p-Nitrochlorobenzene,100-00-5,C6H4ClNO2,II,1,,,
P-Nitrosodimetyl anilin,P-Nitrosodimethyl aniline,138-89-6,C8H10N2O,II,1,,,
p-Xylen,p-Xylene,106-42-3,C8H10,II,1,,,
Paraldehyt,Paraldehyde,123-63-7,C6H12O3,II,1,,,
Penta kẽm cromat octahydroxit,Pentazinc chromate octahydroxide,49663-84-5,Zn5(OH)8CrO4,II,1,,,
Pentaboran,Pentaborane,19624-22-7,B5H9,II,1,,,
Pentaclo etan,Pentachloroethane,76-01-7,C2HCl5,II,1,,,
Pentaclo naphthalen,Pentachloronaphthalene,1321-64-8,C10H3Cl5,II,1,,,
Pentaclo nitro benzen,pentachloronitrobenzene,82-68-8,C6Cl5NO2,II,1,,,
Pentametyl heptan (Isododecan),Pentametylheptane (Isododecane),31807-55-3,C12H26,II,1,,,
"Pentan-2,4-dion (Axetylaxeton)","Pentane-2,4-dione (Acetylacetone)",123-54-6,C5H8O2,II,1,,,
Phenetidin,Phenetidine,156-43-4,C8H11NO,II,1,,,
Phenyl hydrazin,Phenyl hydrazine,100-63-0,C6H8N2,II,1,,,
Phenyl photpho diclo,Phenylphosphorus Dichloride,644-97-3,C6H5Cl2P,II,1,,,
Phenyl photpho thio diclo,Phenylphosphorus Thiodichloride,3497-00-5,C6H5Cl2PS,II,1,,,
Phenyl triclo silan,Phenyl trichloro silane,98-13-5,C6H5Cl3Si,II,1,,,
Phosalon,Phosalone,2310-17-0,C12H15ClNO4PS2,II,1,,,
"Photpho (trắng, vàng, đỏ)","Phosphorus (White, yellow, red)",12185-10-3,P,II,1,,,
Photpho pentasunfua,Phosphorus pentasulfide,1314-80-3,P2S5,II,1,,,
Photpho pentoxit,Phosphorus pentoxide,1314-56-3,P2O5,II,1,,,
Photpho sesquisunfua,Phosphorus sesquisulfide,1314-85-8,P4S3,II,1,,,
Phthalic anhydrit,Phthalic anhydride,85-44-9,C8H4O3,II,1,,,
Piperazin,Piperazine,110-85-0,C4H10N2,II,1,,,
Propan-1-ol,Propan-1-ol,71-23-8,C3H8O,II,1,,,
Propanil,Propanil,709-98-8,C9H9Cl2NO,II,1,,,
Propionaldehyt,Propionaldehyde,123-38-6,C3H6O,II,1,,,
Propionic anhydrit,Propionic anhydride,123-62-6,C6H10O3,II,1,,,
Propionyl clorua,Propionyl chloride,79-03-8,C3H5ClO,II,1,,,
Propisochlor,Propisochlor,86763-47-5,C15H22ClNO2,II,1,,,
Propyl axetat,Propyl acetate,109-60-4,C5H10O2,II,1,,,
Propyl format,Propyl formate,110-74-7,C4H8O2,II,1,,,
Propyl triclo silan,Propyltrichlorosilane,141-57-1,C3H7Cl3Si,II,1,,,
Propylen tetram (Tetrapropylen),Propylene tetramer (Tetrapropylen),6842-15-5,C12H24,II,1,,,
Pyrazophos,Pyrazophos,13457-18-6,C14H20N3O5PS,II,1,,,
Pyridin,Pyridine,110-86-1,C5H5N,II,1,,,
Pyrolidin,Pyrrolidine,123-75-1,C4H9N,II,1,,,
Quinolin,Quinoline,91-22-5,C9H7N,II,1,,,
Resorcinol,Resorcinol,108-46-3,C6H6O2,II,1,,,
Rotenon,Rotenone,83-79-4,C23H22O6,II,1,,,
"S, S -di-sec-Butyl-O-etyl-photpho dithioat","S, S -di-sec-Butyl-O-ethyl-phosphorodithioat",95465-99-9,C10H23O2PS2,II,1,,,
S-(4-Clobenzyl) dietyl cacbamothioat,S-(4-Chlorobenzyl) diethylcarbamothioate,28249-77-6,C12H16ClNOS,II,1,,,
"S-2-Etylthio etyl O, O-dimetyl photphodithioat","S-2-Ethylthioethyl O, O-dimethyl phosphorodithioate",640-15-3,C6H15O2S3P,II,1,,,
"S-[2-(Etyl sunfinyl) etyl] O,O-dimetyl photphothioat","S-[2-(Ethylsulfinyl) ethyl] O, O-dimethyl phosphorothioate",301-12-2,C6H15O4PS2,II,1,,,
sec-Butanol,sec-Butanol,78-92-2,C4H10O,II,1,,,
Selen (dạng bột),Selenium (powder),7782-49-2,Se,II,1,,,
Selen dioxit,Selenium dioxide,,SeO2,II,1,,,
Selen disunfua,Selenium disulfide,7488-56-4,SeS2,II,1,,,
Selen oxyclorit,Selenium oxychloride,7791-23-3,SeOCl2,II,1,,,
Silic,Silicon,7440-21-3,Si,II,1,,,
Silicon tetraclorua,Silicon tetrachloride,10026-04-7,SiCl4,II,1,,,
Silicon tetraflorua,Silicon tetrafluoride,7783-61-1,SiF4,II,1,,,
Silvex,Silvex,93-72-1,C9H7Cl3O3,II,1,,,
Simazin,Simazine,122-34-9,C7H12ClN5,II,1,,,
Stibin (antimony hydril),Stibine (antimony hydril),7803-52-3,SbH3,II,1,,,
Stronti nitrat,Strontium nitrate,10042-76-9,Sr(NO3)2,II,1,,,
Stronti peroxit,Strontium peroxide,1314-18-7,SrO2,II,1,,,
Strychnin sunphat,Strychnine sulfate,60-41-3,C21H22N2O2.0.5H2SO4,II,1,,,
Sunphuryl florua,Sulfuryl fluoride,2699-79-8,SO2F2,II,1,,,
Sắt (III) clorua,Iron(IIl) chloride,7705-08-0,FeCl3,II,1,,,
Tali nitrat,Thallium nitrate,10102-45-1,TlNO3,II,1,,,
Tali sunphat,Thallium sulfate,7446-18-6,Tl2(SO4),II,1,,,
Technazen,Technazene,117-18-0,C6HCl4NO2,II,1,,,
Terpen hydrocacbon,Terpene hydrocarbon,68956-56-9,C10H16,II,1,,,
Terpinolen,Terpinolene,586-62-9,C10H16,II,1,,,
Tert-butanol,tert-Butanol,75-65-0,C4H10O,II,1,,,
Tert-Butyl clorua,Tert-Butylchloride,507-20-0,C4H9Cl,II,1,,,
Tert-butyl isoxyanat,Tert-Butyl isocyanate,1609-86-5,C5H9NO,II,1,,,
Tetraetyl enpent amin,Tetraethyl enepent amine,112-57-2,C8H23N5,II,1,,,
Tetraetyl silicat,Tetraethyl silicate,78-10-4,C8H20O4Si,II,1,,,
Tetraflo metan,Tetrafluoromethane,75-73-0,CF4,II,1,,,
Tetrahydro thiophen (thiolan),Tetrahydro thiophene (thiolan),110-01-0,C4H8S,II,1,,,
Tetrahydrofuran,Tetrahydrofuran,109-99-9,C4H8O,II,1,,,
Tetrahydrophthalic anhydrit,Tetrahydrophthalic anhydride,85-43-8,C8H8O3,II,1,,,
Tetrametyl amonni hydroxit,Tetramethyiammonium hydroxide,75-59-2,C4H13NO,II,1,,,
Tetrapropyl orthotitanat,Tetrapropyl orthotitanate,3087-37-4,C12H28O4Ti,II,1,,,
Thioethylene glycol,Thioethylene glycol,60-24-2,C2H6OS,II,1,,,
Thiophen,Thiophene,110-02-1,C4H4S,II,1,,,
Thiourea,Thiourea,62-56-6,CH4N2S,II,1,,,
Thiourea dioxit,Thiourea dioxide,1758-73-2,CH4O2N2S,II,1,,,
Thori nitrat,Thorium nitrate,13823-29-5,Th(NO3)4,II,1,,,
Thorin natri,Thorine sodium,132-33-2,C16H11AsN2Na3O10S2,II,1,,,
Thymol,Thymol,89-83-8,C10H14O,II,1,,,
Titan,Titanium,7440-32-6,Ti,II,1,,,
Titan hydrua,Titanium hydride,7704-98-5,TiH2,II,1,,,
Tolylfluanid,Tolylfluanid,731-27-1,C10H13Cl2FN2O2S2,II,1,,,
"Trans-xyclohexan-1,2-dicacboxylic anhydrit","Trans-cyclohexane-1,2-dicarboxylic anhydride",14166-21-3,C8H10O3,II,1,,,
Tri-o-cresyl phosphat (TOCP),Tri-o-cresyl phosphate (TOCP),78-30-8,C21H21O4P,II,1,,,
Triallyl amin,Triallylamine,102-70-5,C9H15N,II,1,,,
Tributyl axetat thiếc,Tributyl tin acetate,56-36-0,C14H30O2Sn,II,1,,,
Tributyl laurat thiếc,Tributyl tin laurate,3090-36-6,C24H50O2Sn,II,1,,,
Triclobuten,Trichlorobutene,2431-50-7,C4H5Cl3,II,1,,,
Triclofon,Trichlorfon,52-68-6,C4H8Cl3O4P,II,1,,,
Tricyclazol,Tricyclazole,41814-78-2,C9H7N3S,II,1,,,
Triethyl amin,Triethylamine,121-44-8,C6H15N,II,1,,,
Trietyl borat,Triethyl borate,150-46-9,C6H15BO3,II,1,,,
Trietyl enetetramin,Triethylenetetramine,112-24-3,C6H18N4,II,1,,,
Trietyl thiếc sunphat,Triethyl tin sulfate,57-52-3,C12H30O4SSn2,II,1,,,
Triflo metan (Floform),Trifluoromethane (Fluoroform),75-46-7,CHF3,II,1,,,
Trifluralin,Trifluralin,1582-09-8,C13H16F3N3O4,II,1,,,
Triisobutylen,Triisobutylene,7756-94-7,C12H24,II,1,,,
Triisopropyl borat,Triisopropyl borate,5419-55-6,C9H21BO3,II,1,,,
Trimetyl axetyl chlorit,Trimethylacetyl chloride,3282-30-2,C5H9ClO,II,1,,,
Trimetyl borat,Trimethyl borate,121-43-7,C3H9BO3,II,1,,,
Triphenyltin acetate,Triphenyltin acetate,900-95-8,C20H18O2Sn,II,1,,,
Triphenyltin hydroxit,Triphenyltin hydroxide,76-87-9,C18H16OSn,II,1,,,
Tripropyl amin,Tripropylamine,102-69-2,C9H21N,II,1,,,
Tripropylen,Tripropylene,13987-01-4,C9H18,II,1,,,
Tro kẽm,Zinc ashe,7440-66-6,Zn,II,1,,,
Undecan,Undecane,1120-21-4,C11H24,II,1,,,
Urea hydro peroxit,Urea hydrogen peroxide,124-43-6,CH6N2O3,II,1,,,
Valeraldehit,Pentanaldehyde,110-62-3,C5H10O,II,1,,,
Valeryl clo,Valeryl chloride,638-29-9,C5H9ClO,II,1,,,
Vanadyl sunphat,Vanadyl sulfate,27774-13-6,VO(SO4),II,1,,,
Vinyl bromua,Vinyl bromide,593-60-2,C2H3Br,II,1,,,
Vinyl butyrat,Vinyl butyrate,123-20-6,C6H10O2,II,1,,,
Vinyl isobutyl ete,Vinyl isobutyl ether,109-53-5,C6H12O,II,1,,,
Vinyl toluen,Vinyltoluene,25013-15-4,C9H10,II,1,,,
Vinyl triclo silan,Vinyltrichlorosilane,75-94-5,C2H3Cl3Si,II,1,,,
Vonfram hexaflorua,Tungsten hexafluoride,7783-82-6,WF6,II,1,,,
Xeri,Cerium,7440-45-1,Ce,II,1,,,
Xianamit,Cyanamide,420-04-2,CH2N2,II,1,,,
Xyanuric clorua,Cyanuric chloride,108-77-0,C3N3Cl3,II,1,,,
Xyclobutan,Cyclobutane,287-23-0,C4H8,II,1,,,
Xycloheptan,Cycloheptane,291-64-5,C7H14,II,1,,,
Xycloheptatrien,Cycloheptatriene,544-25-2,C7H8,II,1,,,
Xyclohepten,Cycloheptene,628-92-2,C7H12,II,1,,,
Xyclohexan,Cyclohexane,110-82-7,C6H12,II,1,,,
Xyclohexanon,Cyclohexanone,108-94-1,C6H10O,II,1,,,
Xyclohexen,Cyclohexene,110-83-8,C6H10,II,1,,,
Xyclohexyl axetat,Cyclohexyl acetate,622-45-7,C8H14O2,II,1,,,
Xyclohexyl isocyanat,Cyclohexyl isocyanate,3173-53-3,C7H11NO,II,1,,,
Xyclohexyl mercaptan,Cyclohexyl mercaptan,1569-69-3,C6H12S,II,1,,,
Xyclopentan,Cyclopentane,287-92-3,C5H10,II,1,,,
Xyclopentanol,Cyclopentanol,96-41-3,C5H10O,II,1,,,
Xyclopentanon,Cyclopentanone,120-92-3,C5H8O,II,1,,,
Xyclopenten,Cyclopentene,142-29-0,C5H8,II,1,,,
Xyhexatin,Cyhexatin,13121-70-5,C18H34OSn,II,1,,,
Xylidin,Xylidine,1300-73-8,C8H11N,II,1,,,
Xymenel-metyl-4-(1-metyl etyl) benzen,Cymenel-methyl-4-(1-methy lethyl) benzene,99-87-6,C10H14,II,1,,,
Zirconi,Zirconium,7440-67-7,Zr,II,1,,,
Zirconi (IV) chlorit,Zirconium (IV) chloride,10026-11-6,ZrCl4,II,1,,,
Ziriconi nitrat,Zirconium nitrate,13746-89-9,Zr(NO3)4,II,1,,,
Đồng (I) clorua,Copper (I) chloride,7758-89-6,CuCl,II,1,,,
Đồng (II) clorua,Copper (II) chloride,7447-39-4,CuCl2,II,1,,,
α - Pinen,α - pinene,80-56-8,C10H16,II,1,,,
α-picolin (2-Metyl pyridin),α-picoline (2-Methylpyridine),52962-96-6,C6H7N,II,1,,,
β-picolin (3-Metyl pyridin),β-picoline (3-Methylpyridine),108-99-6,C6H7N,II,1,,,
1 - phenyl - 2 - propanone (P2P),Phenylacetone,103-79-7,C9H10O,III,1,A,,1
"1,1,1-Triclo-2,2-bis (4-clophenyl) etan (D.D.T)","1,1,1-Trichloro-2,2-bis(4-chlorophenyl) ethane",50-29-3,C14H9Cl5,III,2,C,,3C
"1,2-Bis (2-methoxy ethoxy) etan (TEGDME, triglym)","1,2-bis (2-methoxy ethoxy) ethane (TEGDME, triglyme)",112-49-2,C8H18O4,III,1,B,,Khác
"1,2-Dibrom etan","1,2-dibromo ethane (ethylene dibromide)",106-93-4,C2H4Br2,III,2,C,,3C
"1,2-Diclo etan (EDC)","1,2- dichloroethane (EDC)",107-06-2,C2H4Cl2,III,2,C,,3C
"1,2-Dimethoxy etan, etylen glycol dimethyl ete (EGDME)","1,2-dimethoxy ethane, ethylene glycol dimethyl ether (EGDME)",110-71-4,C4H10O2,III,1,B,,Khác
"1,4-Butanediol; BD; BDO","Butane-1,4-diol",110-63-4,C4H10O2,III,1,A,,1
1.3-Diclo axeton,"1,3-Dichloro acetone",534-07-6,C3H4Cl2O,III,1,B,,Khác
"2,2-Diphenyl-2-hydroxyacetic acid","2,2-Diphenyl-2-hydroxyacetic acid",76-93-7,C14H12O3,III,1,B,,2B
"2,2’-Dichloro-4,4′- metylen dianilin (MOCA)","2,2′-dichloro-4,4′- methylene dianiline (MOCA)",101-14-4,C13H12Cl2N2,III,1,B,,Khác
"2,2’-Diclo dietyl ete","2,2'-Dichloro diethyl ether",111-44-4,C4H8Cl2O,III,1,B,,Khác
"2,3-Epoxy-1-propanol","2,3-Epoxy-1-propanol (Glycidol)",556-52-5,C3H6O2,III,1,B,,Khác
"2,4-Diamino toluen","2,4-Diamino toluene",95-80-7,C7H10N2,III,1,B,,Khác
"2,4-Dinitrophenol và các muối","2,4-dinitrophenol, salts",51-28-5,C6H4N2O5,III,1,B,,Khác
2-Naphtyl amin,2-naphthyl amine,91-59-8,C10H9N,III,1,B,,Khác
2-Propen amit,2- Propen amit,79-06-1,C3H5NO,III,1,B,,Khác
"3,3’-Diclo benzidin","3,3’-Dichloro benzidine",91-94-1,C12H10Cl2N2,III,1,B,,Khác
"4,4’-Diamino diphenyl metan","4,4’-Methylene dianiline",101-77-9,C13H14N2,III,1,B,,Khác
4-Clo-o-toluidine,4-Chloro-o-toluidine,95-69-2,C7H8ClN,III,1,B,,Khác
4-Nitro biphenyl,4-Nitro biphenyl,92-93-3,C12H9NO2,III,1,B,,Khác
5-Clo-o-toluidine,5-Chloro-o-toluidine,95-79-4,C7H8ClN,III,1,B,,Khác
Acetic acid (GAA),Ethanoic acid,64-19-7,C2H4O2,III,2,A,,Nhóm 2 (IVC)
Acetic anhydride (AA),Acetic oxide,108-24-7,C4H6O3,III,1,A,,1
Acetone,2 - Propanone,67-64-1,C3H6O,III,2,A,,Nhóm 2 (IVC)
Acetyl chloride,Acetyl chloride,75-36-5,C2H3ClO,III,2,A,,Nhóm 2 (IVC)
Acrylyl clorit,Acrylyl chloride,814-68-6,C3H3CIO,III,1,B,,Khác
Alachlor,Alachlor,15972-60-8,C14H20ClNO2,III,2,C,,3C
Aldicarb,Aldicarb,116-06-3,C7H14N2O2S,III,2,C,,3C
Aldrin,Aldrin,309-00-2,C12H8C16,III,2,C,,3C
Alpha-phenyl acetoacetonitrile (APAAN),3-oxo-2-phenylbutanenitrile,4468-48-8,C10H9NO,III,1,A,,1
"Amiton: (O, O-Diethyl-S-(2-diethylaminoethyl) thiophosphate) và các muối alkyl hóa hoặc proton hóa tương ứng","Amiton: O, O-Diethyl S-[2-(diethylamino)ethyl] phosphorothiolate and corresponding alkylated or protonated salts",78-53-5,C10H24NO3PS,III,1,B,,2A
Ammonium formate,Formic acid ammonium salt,540-69-2,CH5NO2,III,2,A,,Nhóm 2 (IVC)
"Ankan, C10-13, chloro (Paraffin mạch ngắn được clo hóa)","Alkanes, C10-13, chloro (Short Chain Chlorinated Paraffins)",85535-84-8,,III,2,C,,3C
Anthranilic acid,2 - Aminobenzoic acid,118-92-3,C7H7NO2,III,1,A,,1
Arsenic trichloride,Arsenic trichloride,7784-34-1,AsCl3,III,1,B,,2B
Asen và các hợp chất của asen,Arsenic and arsenic compounds,,,III,1,B,,Khác
"Axit (2,4,5-triclo phenoxy) axetic","(2,4,5-Trichloro phenoxy) acetic acid (2,4,5-T and its salts and esters)",93-76-5,C8H5Cl3O3,III,2,C,,3C
Axit Formic,Methanoic acid,64-18-6,CH2O2,III,2,A,,Nhóm 2 (IVC)
Axit Hydrochloric,Hydrochloric acid,7647-01-0,HCl,III,2,A,,Nhóm 2 (IVC)
Axit methoxy axetic,Methoxy acetic acid,625-45-6,C3H6O3,III,1,B,,Khác
"Axit perflo hexan sulfonic (PFHxS), các muối của chúng và các hợp chất liên quan đến PFHxS","Perfluorohexane sulfonic acid (PFHxS), its salts and PFHxS - related compounds",355-46-4,,III,2,C,,3C
"Axit perflo-octanoic (PFOA), các muối của chúng và các hợp chất liên quan đến PFOA",Perfluorooctanoic acid (PFOA) and its salts and PFOA - related compounds,335-67-1,,III,2,C,,3C
Axit Sulfuric,Sulfuric acid,7664-93-9,H2SO4,III,2,A,,Nhóm 2 (IVC)
Azinphos-metyl,Azinphos-methyl,86-50-0,C10H12N3O3PS2,III,2,C,,3C
Benzal clorua,Benzal chloride,98-87-3,C7H6Cl2,III,1,B,,Khác
Benzen,Benzene,71-43-2,C6H6,III,1,B,,Khác
Benzidin,"Benzidine ((1,1’-Biphenyl)-4,4'-diamine)",92-87-5,C12H12N2,III,1,B,,Khác
Benzoic aldehyde,Benzaldehyde,100-52-7,C7H6O,III,1,A,,1
Benzyl butyl phthalat,Benzyl butyl phthalate,85-68-7,C19H20O4,III,1,B,,Khác
Benzyl clorua,Benzyl chloride,100-44-7,C7H7Cl,III,1,B,,Khác
Benzyl cyanide,2-Phenylacetonenitrile,140-29-4,C8H7N,III,1,A,,1
Beri nitrat,Beryllium nitrate,13597-99-4,Be(NO3)2,III,1,B,,Khác
Binapacryl,Binapacryl,485-31-4,C15H18N2O6,III,2,C,,3C
Biphenyl (PCB),Biphenyl (PCB),,,III,2,C,,3C
Biphenyls Brom hóa (PBBs),Polybrominated biphenyls (PBBs),13654-09-6,,III,2,C,,3C
Biphenyls Clo hóa (PCBs),Polychlorinated biphenyls (PCBs),1336-36-3,,III,2,C,,3C
Bis (2-etyl hexyl) phthalat (DEHP),Bis (2-ethyl hexyl) phthalate (DEHP),117-81-7,C24H38O4,III,1,B,,Khác
Bis (2-methoxy etyl) ete (diglyme),Bis (2-methoxy ethyl) ether (diglyme),111-96-6,C6H14O3,III,1,B,,Khác
Bis (2-methoxy etyl) phthalat,Bis (2-methoxyethyl) phthalate,117-82-8,C14H18O6,III,1,B,,Khác
Butyl toluen,Butyltoluene (p-tert-Butyl toluene),98-51-1,C11H16,III,1,B,,Khác
BZ: 3-Quinuclidinyl benzilate (*),BZ: 3-Quinuclidinyl benzilate (*),,C21H23NO3,III,1,B,,2A*
"Bột dustable chứa một sự kết hợp của benomyl tại hoặc cao hơn 7%, carbofuran tại hoặc cao hơn 10% và thiram tại hoặc cao hơn 15%","Dustable powder formulations containing a combination of benomyl at or above 7%, carbofuran at or above 10% and thiram at or above 15%",1563-66-2,,III,2,C,,3C
Cacbon disunfua,Carbon disulfide,75-15-0,CS2,III,1,B,,Khác
Cacbon monoxit,Carbon monoxide,630-08-0,CO,III,1,B,,Khác
Cadimi,Cadmium,7440-43-9,Cd,III,1,B,,Khác
Cadimi clorua,Cadmium chloride,10108-64-2,CdCl2,III,1,B,,Khác
Cadimi florua,Cadmiumfluoride,7790-79-6,CdF2,III,1,B,,Khác
Cadimi oxit,Cadmium oxide,1306-19-0,CdO,III,1,B,,Khác
Cadimi sulfua,Cadmium sulfide,1306-23-6,CdS,III,1,B,,Khác
Captafol,Captafol,,C10H9O2NCl4S,III,2,C,,3C
Cesium hydroxit,Cesium hydroxide,21351-79-1,CsOH,III,1,B,,Khác
Chlordan,Chlordane,57-74-9,C10H6Cl8,III,2,C,,3C
Chlordimeform,Chlordimeform,6164-98-3,C10H13ClN2,III,2,C,,3C
Chlorobenzilat,Chlorobenzilate,510-15-6,C16H14Cl2O3,III,2,C,,3C
Chloropicrin: Trichloronitromethane,Chloropicrin: Trichloronitromethane,76-06-2,CCl3NO2,III,2,B,,3A
Chì và các hợp chất của chì,Lead and lead compounds,,,III,1,B,,Khác
Clo diflo metan (R-22),Chloro difluoro methane (R-22),75-45-6,CHF2Cl,III,1,B,,Khác
Clo etanol,Chloro ethanol,107-07-3,C2H5ClO,III,1,B,,Khác
Clo phenol,2-Chloro phenol,95-57-8,C6H5ClO,III,1,B,,Khác
Cloral hydrat,Chloral hydrate,302-17-0,C2H3Cl3O2,III,1,B,,Khác
Clorua metyl,"Methyl chloride (Methane,chloro-)",74-87-3,CH3Cl,III,1,B,,Khác
Coban diclorua,Cobalt dichloride,7646-79-9,CoCl2,III,1,B,,Khác
Cyanogen chloride,Cyanogen chloride,506-77-4,CClN,III,2,B,,3A
Cyclopentyl bromide,Bromocyclopentane,137-43-9,C5H9Br,III,1,A,,1
Cyclopentyl cloride,Chlorocyclopentane,930-28-9,C5H9Cl,III,1,A,,1
Cyclopentyl magnesium bromide,Cyclopentyl magnesium bromide,33240-34-5,C5H9BrMg,III,1,A,,1
Các hợp chất của Cr6+,The compounds of chromium (VI),,,III,1,B,,Khác
"Các hợp chất Dialkyl (Me, Et, n-Pr hoặc i-Pr) N,N-dialkyl (Me, Et, n-Pr hoặc i-Pr)-phosphoramidate","Dialkyl (Me, Et, n-Pr or i-Pr) N,N-dialkyl (Me, Et, n-Pr or i-Pr)-phosphoramidates",,,III,1,B,,2B
"Các hợp chất N,N-Dialkyl (Me, Et, n-Pr hoặc i-Pr) aminoethane-2-ol","N,N-Dialkyl (Me, Et, n-Pr or i-Pr) aminoethane-2-ols",,,III,1,B,,2B
"Các hợp chất N,N-Dialkyl (Me, Et, n-Pr hoặc i-Pr) aminoethyl-2-chloride","N,N-Dialkyl (Me, Et, n-Pr or i-Pr) aminoethyl-2-chlorides",,,III,1,B,,2B
"Các hợp chất N,N-Dialkyl (Me, Et, n-Pr or i-Pr) aminoethane-2-thiol và các muối proton hóa tương ứng","N, N-Dialkyl (Me, Et, n-Pr or i-Pr) aminoethane-2-thiols and corresponding protonated salts",,,III,1,B,,2B
Các hợp chất xyanua,The cyanide compound,,,III,1,B,,Khác
Decabromo diphenyl ete (DBDE),Decabromodiphenyl ether (DBDE),1163-19-5,C12Br10O,III,2,C,,3C
Dechlorane Plus,Dechlorane Plus,13560-89-9,,III,2,C,,3C
"Dibenz (a, h) anthracen","Dibenz (a, h) anthracene",53-70-3,C22H14,III,1,B,,Khác
Diboron trioxist,Diboron trioxide,1303-86-2,B2O3,III,1,B,,Khác
Dibutyl phthalat,Dibutyl phthalate,84-74-2,C16H22O4,III,1,B,,Khác
Dicloran,"2,6-Dichlor-4-nitroanilin",99-30-9,C6H4Cl2N2O2,III,1,B,,Khác
Dicofol,"2,2,2-trichloro-1,1-bis (4-chloro phenyl) ethanol",115-32-2,C14H9Cl5O,III,1,B,,Khác
Dieldrin,Dieldrin,60-57-1,C16H14Cl2O3,III,2,C,,3C
Diethyl phosphite,Diethyl phosphite,762-04-9,C4H11O3P,III,2,B,,3B
Diethylamine,N-Ethylethanamine,109-89-7,C4H11N,III,2,A,,Nhóm 2 (IVC)
Dietyl sunfat,Dietyl sulfate,64-67-5,C4H10O4S,III,1,B,,Khác
Diisobutyl amin,Diisobutyl amine,110-96-3,C8H19N,III,1,B,,Khác
Diisobutyl phthalat (DIBP),Diisobutyl phthalate (DIBP),84-69-5,C16H22O4,III,1,B,,Khác
Dimethyl methyl phosphonate,Dimethyl methyl phosphonate,756-79-6,C3H9O3P,III,1,B,,2B
Dimethyl phosphite,Dimethyl phosphite,868-85-9,C2H7O3P,III,2,B,,3B
Dinitro-o-cresol,Dinitro-o-cresol,534-52-1,C7H6N2O5,III,2,C,,3C
Dinitơ monoxit,Nitrous oxide,10024-97-2,N2O,III,1,B,,Khác
"Dinoseb (6-sec-butyl-2,4-dinitro phenol)","Dinoseb (6-sec-butyl-2,4-dinitro phenol)",88-85-7,C10H12N2O5,III,2,C,,3C
Dodecaclo pentaxyclodecan,Dodecachloropentacyclodecane (mirex),2385-85-5,C10Cl12,III,2,C,,3C
Endosulfan,Endosulfane,115-29-7,C25H6O3S,III,2,C,,3C
Endrin,Endrine,72-20-8,C12H8Cl6O,III,2,C,,3C
Ete octabrom diphenyl thương mại (bao gồm Hexabromodiphenyl ete và heptabromo diphenyl alkan),Commercial octabromodiphenyl ether (including Hexabromodiphenyl ether and Heptabromodiphenyl ether),36483-60-0,,III,2,C,,3C
Ethyl ether (Diethyl ether),1 - 1 - Oxybisethane Diethyl ether,60-29-7,C4H10O,III,2,A,,Nhóm 2 (IVC)
Ethyldiethanolamine,Ethyldiethanolamine,139-87-7,C6H15NO2,III,2,B,,3B
Ethylene diacetate,"1,2-Ethanediol diacetate",111-55-7,C6H10O4,III,2,A,,Nhóm 2 (IVC)
Etyl benzen,Ethyl benzene,100-41-4,C8H10,III,1,B,,Khác
Etyl clo format,Ethyl chloro formate,541-41-3,C3H5ClO2,III,1,B,,Khác
Etylen oxit,Ethylene oxide,75-21-8,C2H4O,III,2,C,,3C
Flo,Fluorine,7782-41-4,F2,III,1,B,,Khác
Floraxetamit,Fluoracetamide,640-19-7,C2H4FNO,III,2,C,,3C
Formaldehit,Formaldehyde,50-00-0,CH2O,III,1,B,,Khác
Formamide,Methanamide; Carbamaldehyde,75-12-7,CH3NO,III,2,A,,Nhóm 2 (IVC)
Furan,Furan,110-00-9,C4H4O,III,1,B,,Khác
Gamma-butyro lactone (GBL),Dihydrofuran-2(3H)-one,96-48-0,C4H6O2,III,1,A,,1
Hepta cloran,Hepta chlorane,76-44-8,C10H5Cl7,III,2,C,,3C
Hexabrom cyclododecan (HBCD),Hexabromocyclododecane (HBCD),25637-99-4,C12H18Br6,III,2,C,,3C
Hexachloxyclohexan,Hexachloro cyclohexane,608-73-1,C6H6Cl6,III,2,C,,3C
Hexaclo benzen,Hexachloro benzene,118-74-1,C6Cl6,III,2,C,,3C
Hexametylen diisoxyanat,"Hexamethylene diisocyanate (1,6-HexamethyIene diisocyanate)",822-06-0,C8H12N2O2,III,1,B,,Khác
Hydrazin và các dạng ngậm nước,Hydrazine and hydrated,302-01-2,N2H4,III,1,B,,Khác
Hydrogen cyanide,Hydrogen cyanide,74-90-8,HCN,III,2,B,,3A
Hydroquinon,Hydroquinone,123-31-9,C6H6O2,III,1,B,,Khác
Indomethacin,Indomethacine,53-86-1,C19H16ClNO4,III,1,B,,Khác
Isophoron diisoxyanat,Isophorone diisocyanate,4098-71-9,C12H18N2O2,III,1,B,,Khác
Isopropyl isocyanat,Isopropyl isocyanate,1795-48-8,C4H7NO,III,1,B,,Khác
Isosafrole,"1,3 - Benzodioxole - 5 - (1 - propenyl)",120-58-1,C10H10O2,III,1,A,,1
Kali permanganat,Potassium permanganate,7722-64-7,KMnO4,III,2,A,,Nhóm 2 (IVC)
Kali sulfua,Potassium sulfide,1312-73-8,K2S,III,1,B,,Khác
"Lindan (gamma-1,2,3,4,5,6-Hexaclo xyclohexan)","Lindane (gamma-1,2,3,4,5,6-Hexachlorocyclohexane)",58-89-9,C6H6Cl6,III,2,C,,3C
Liti hydrit,Lithium hydride,7580-67-8,LiH,III,1,B,,Khác
Liti hydroxit,Lithium hydroxide,1310-65-2,LiOH,III,1,B,,Khác
Lysergic acid,"(8β) - 9,10 - didehydro - 6 - methylergolin - 8 - carboxylic acid",82-58-6,C16H16N2O2,III,1,A,,1
Magie phốtphua,Magnesium phosphide,12057-74-8,Mg3P2,III,1,B,,Khác
Maleic anhydrit,Maleic anhydride,108-31-6,C4H2O3,III,1,B,,Khác
Malono nitril,Malono nitril,109-77-3,C3H2N2,III,1,B,,Khác
Metan sunphonyl clorit,Methane sulfonyl chloride,124-63-0,CH3ClO2S,III,1,B,,Khác
Metanol,Methanol,67-56-1,CH4O,III,1,B,,Khác
Methamidophos,Methamidophos,10265-92-6,C2H8NO2SP,III,2,C,,3C
Methyl ethyl ketone (MEK),2-Butanone,78-93-3,C4H8O,III,2,A,,Nhóm 2 (IVC)
Methylamine,Aminomethane,74-89-5,CH5N,III,2,A,,Nhóm 2 (IVC)
Methyldiethanolamine,Methyldiethanolamine,105-59-9,C5H13NO2,III,2,B,,3B
Methylphosphonyl dichloride,Methylphosphonyl dichloride,676-97-1,CH3Cl2OP,III,1,B,,2B
Metyl isothioxyanat,Methyl isothiocyanate,556-61-6,C2H3NS,III,1,B,,Khác
Metyl isoxyanat,Methyl isocyanate,624-83-9,C2H3NO,III,1,B,,Khác
Metyl orthosilicat (Tetramethoxy silan),Methyl orthosilicate,681-84-5,C4H12O4Si,III,1,B,,Khác
Metyl oxiran (Propylen oxit),Methyl oxirane (Propylene oxide),75-56-9,C3H6O,III,1,B,,Khác
Metyl vinyl keton,Methyl vinyl ketone,78-94-4,C4H6O,III,1,B,,Khác
Metyl-parathion,Methyl-parathion,298-00-0,C8H10NO5PS,III,2,C,,3C
Monocrotophos,Monocrotophos (Dimethyl (E)-1-methyl-2- (methyl carbamoyl) vinyl phosphate),6923-22-4,C7H14NO5P,III,2,C,,3C
N - acetylanthranilic acid,1 - Acetylamino - 2 - carboxybenzene,89-52-1,C9H9NO3,III,1,A,,1
"N, N-Diethylaminoethanol","N, N-Diethylaminoethanol",100-37-8,C6H15NO,III,1,B,,2B
"N, N-Dimethylaminoethanol","N, N-Dimethylaminoethanol",108-01-0,C4H11NO,III,1,B,,2B
"N, N-Dimetyl axetamit","N, N-dimethyl acetamide",127-19-5,C4H9NO,III,1,B,,Khác
"N,N-Dialkyl (Me, Et, n-Pr or i-Pr) phosphoramidic dihalides","Các hợp chất N,N-Dialkyl (Me, Et, n-Pr hoặc i-Pr) phosphoramidic dihalide",,,III,1,B,,2B
N-Butyl isoxyanat,N-Butyl isocyanate,111-36-4,C5H9NO,III,1,B,,Khác
Naphtalen polyclo hóa (PCN),Polychlorinated naphthalene (PCN),70776-03-3,,III,2,C,,3C
Natri azid,Sodium azide,26628-22-8,NaN3,III,1,B,,Khác
Natri flo axetat,Sodium fluoro acetate,62-74-8,C2H3FNaO2,III,1,B,,Khác
Nicotin,Nicotine (3-(1-Methyl-2-pyrrolidinyl) pyridine),54-11-5,C10H14N2,III,1,B,,Khác
Nicotin tartrat,Nicotine tartrate,65-31-6,C18H26N2O12,III,1,B,,Khác
Niken nitrat,Nickel (II) nitrate,13138-45-9,Ni(NO3)2,III,1,B,,Khác
Niken tetra carbonyl,Nickel tetra carbonyle,13463-39-3,Ni(CO)4,III,1,B,,Khác
Nitroethane,Nitroethane,79-24-3,C2H5NO2,III,2,A,,Nhóm 2 (IVC)
Nitrotoluen,o-nitrotoluene,88-72-2,C7H7NO3,III,1,B,,Khác
o-Bromo benzo nitrile,2-Bromobenzonitrile,2042-37-7,C7H4BrN,III,1,A,,1
o-chloro benzo nitrile,2-Chlorobenzonitrile,873-32-5,C7H4ClN,III,1,A,,1
O-Ethyl S-phenyl ethylphosphonothiolothionate,O-Ethyl S-phenyl ethylphosphonothiolothionate,944-22-9,C10H15OPS2,III,1,B,,2B
Osmium tetroxit,Osmium tetroxide,20816-12-0,OsO4,III,1,B,,Khác
Paraquat,Paraquate,1910-42-5,C12H14Cl2N2,III,1,B,,Khác
Parathion,Parathion,56-38-2,C10H14NO5PS,III,2,C,,3C
Pentabromdiphenyl ete (bao gồm Tetrabromdiphenyl ete và pentabromdiphenyl ete),Commercial pentabromodiphenyl ether (including tetrabromo diphenyl ether and pentabromo diphenyl ether),32534-81-9,,III,2,C,,3C
Pentaclo benzen (PeCB),Pentachlorobenzene (PeCB),608-93-5,C6HCl5,III,2,C,,3C
Pentaclophenol và muối và este của nó,Pentachlorophenol and its salts and esters,87-86-5,C6HCl5O,III,2,C,,3C
"Perflo octan sulfonic axit, perflo octan sulfonat, perflo octan sulfoamit và perflo octan sunfonyl","Perfluoro octane sulfonic acid, perfluoro octane sulfonates, perfluoro octane sulfo amides and perfluoro octane sulfonyls",1691-99-2,,III,2,C,,3C
"PFIB: 1,1,3,3,3-Pentafluoro-2-(trifluoromethyl)-1-propene","PFIB: 1,1,3,3,3-Pentafluoro-2-(trifluoromethyl)-1-propene",382-21-8,C4F8,III,1,B,,2A
Phenol,Phenol,108-95-2,C6H6O,III,1,B,,Khác
Phenol phthalein,Phenol phthalein,77-09-8,C20H14O4,III,1,B,,Khác
Phenyl clo fomat,Phenyl chloro formate,1885-14-9,C7H5ClO2,III,1,B,,Khác
Phenyl isoxyanat,Phenyl isocyanate,103-71-9,C7H5NO,III,1,B,,Khác
Phenyl mercaptan,Phenyl mercaptan (Thiophenol),108-98-5,C6H6S,III,1,B,,Khác
Phenylacetic acid,Benzeneacetic acid,103-82-2,C8H8O2,III,1,A,,1
Phosgene: Carbonyl dichloride,Phosgene: Carbonyl dichloride,75-44-5,CCl2O,III,2,B,,3A
Phosphamidon,Phosphamidon,13171-21-6,C10H19ClNO5P,III,2,C,,3C
Phosphorus oxychloride,Phosphorus oxychloride,10025-87-3,Cl3OP,III,2,B,,3B
Phosphorus pentachloride,Phosphorus pentachloride,10026-13-8,PCl5,III,2,B,,3B
Phosphorus trichloride,Phosphorus trichloride,,Cl3P,III,2,B,,3B
"Pinacolyl alcohol: 3,3-Dimethyl butan-2-ol","Pinacolyl alcohol: 3,3-Dimethylbutan-2-ol",464-07-3,C6H14O,III,1,B,,2B
Piperidine,Piperidine,110-89-4,C5H11N,III,1,A,,1
Piperonal,"1,3 - Benzodioxole, 5 - carboxaldehyde",120-57-0,C8H6O3,III,1,A,,1
Piperonyl methyl ketone (PMK),"3,4 - methylenedioxypheny - 2 - propanone",4676-39-5,C10H10O3,III,1,A,,1
Polychlorinated,Polychlorinated,,,III,2,C,,3C
Propiophenone (P1P),1-phenyl-1-propanone,93-55-0,C9H10O,III,1,A,,1
Propoxur,Propoxure,114-26-1,C11H15NO3,III,1,B,,Khác
Quinuclidin-3-ol,Quinuclidin-3-ol,1619-34-7,C7H13NO,III,1,B,,2B
Rượu allyl,Allyl alcohol (2-Propen-l-ol),107-18-6,C3H6O,III,1,B,,Khác
Rượu propargyl,Propargyl alcohol,107-19-7,C3H4O,III,1,B,,Khác
Safrole,"1,3 - Benzodioxole, 5 - (2 -propenyl)",94-59-7,C10H10O2,III,1,A,,1
Stibi pentaclorua,Antimony pentachloride,7647-18-9,SbCl5,III,1,B,,Khác
Strychnin,Strychnine,57-24-9,C21H22N2O2,III,1,B,,Khác
Sulfur dichloride,Sulfur dichloride,10545-99-0,Cl2S,III,2,B,,3B
Sulfur monochloride,Sulfur monochloride,10025-67-9,Cl2S2,III,2,B,,3B
Tali,Thallium,7440-28-0,Tl,III,1,B,,Khác
Tartaric acid và đồng phân,"2,3 - Dihydroxy butanedioic acid",526-83-0,C4H6O6,III,2,A,,Nhóm 2 (IVC)
Terphenyls clo hóa (PCTs),Polychlorinated terphenyls (PCTs),61788-33-8,C18H14-nCln (n=1-14),III,2,C,,3C
Thalidomit,Thalidomide,50-35-1,C13H10N2O4,III,1,B,,Khác
Thiabendazol,Thiabendazole,148-79-8,C10H7N3S,III,1,B,,Khác
Thiodicarb,Thiodicarb,59669-26-0,C10H18N4O4S3,III,1,B,,Khác
Thiodiglycol: Bis(2-hydroxyethyl) sulfide,Thiodiglycol: Bis(2-hydroxyethyl)sulfide,111-48-8,C4H10O2S,III,1,B,,2B
Thionyl chloride,Thionyl chloride,,Cl2OS,III,2,A,,Nhóm 2 (IVC)
Thionyl chloride,Thionyl chloride,,Cl2OS,III,2,B,,3B
Thiram,Thiram,137-26-8,C6H12N2S4,III,1,B,,Khác
Thiếc (IV) clorua,Stannic tetrachloride,7646-78-8,SnCl4,III,1,B,,Khác
Thủy ngân và các hợp chất của thủy ngân,Mercury and mercury compounds,,,III,1,B,,Khác
Toluene,Methyl benzene,108-88-3,C7H8,III,2,A,,Nhóm 2 (IVC)
Toluidin,Toluidine,95-53-4,C7H9N,III,1,B,,Khác
Toxaphen (Camphechlor),Toxaphene (Camphechlor),8001-35-2,C10H10Cl8,III,2,C,,3C
Tributyl amin,Tributyl amine,102-82-9,C12H27N,III,1,B,,Khác
Tributyltin,Tributyltin compounds,1461-22-9,,III,2,C,,3C
Triclo axetyl clorua,Trichloro acetyl chloride,76-02-8,C2Cl4O,III,1,B,,Khác
Triclo etylen,Trichloro ethylene,79-01-6,C2HCl3,III,1,B,,Khác
Tricresyl photphat,Tricresyl phosphate,1330-78-5,C21H21O4P,III,1,B,,Khác
Triethanol amine,Triethanolamine,102-71-6,C6H15NO3,III,2,B,,3B
Triethyl phosphite,Triethyl phosphite,122-52-1,C6H15O3P,III,2,B,,3B
Trimethyl phosphite,Trimethyl phosphite,121-45-9,C3H9O3P,III,2,B,,3B
"Tris (2,3-dibro propyl) photphat","Tris (2,3-dibromo propyl) phosphate",126-72-7,C9H15Br6PO4,III,2,C,,3C
Tris (2-clo etyl) photphat,Tris (2-chloro ethyl) phosphate,115-96-8,C6H12Cl3O4P,III,1,B,,Khác
UV-328,"2-(2H-Benzotriazol-2-yl)-4,6-di-tert-pentylphenol",25973-55-1,C22H29N3O,III,2,C,,3C
Vanadi pentoxit,Vanadium pentoxide,1314-62-1,V2O5,III,1,B,,Khác
Vinyl benzen,Vinyl benzene (styrene),100-42-5,C8H8,III,1,B,,Khác
Vinyl clorua,Vinyl chloride,75-01-4,C2H3Cl,III,1,B,,Khác
Xyclohexyl amin,Cyclohexyl amine,108-91-8,C6H13N,III,1,B,,Khác
(E)-2-Penten,"2-Pentene, (E)-",646-04-8,C5H10,IV,,A,5000,
(Z)-2-Penten,"2-Pentene, (Z)-",627-20-3,C5H10,IV,,A,5000,
1 -Guanyl-4-nitrosaminoguanyl-1 -tetrazen,1-guanyl-4-nitrosaminoguanyl-1 -tetrazene,109-27-3,C2H8N10O,IV,,A,10000,
"1,1 Diflo etan","Difluoroethane (Ethane, 1,1 -difluoro-)",75-37-6,C2H4F2,IV,,A,10000,
"1,1-Bis(tert-butylperoxy) xyclohexan (>80%)","1,1- Bis(tert-butylperoxy) xyclohexan (>80%)",3006-86-8,C14H28O4,IV,,A,10000,
"1,2,3,7,8,9-Hexaclo dibenzo-p-dioxin","1,2,3,7,8,9- Hexachlorodibenzo-p- dioxin",19408-74-3,C12H2Cl6O2,IV,,A,100,
"1,2-Dibrom etan","1,2-Dibromoethane (ethylene dibromide)",106-93-4,C2H4Br2,IV,,A,50000,
"1,3,5- Triamino- 2,4,6- trinitro benzen","1,3,5- Triamino-2,4,6-trinitrobenzene",3058-38-6,C6H6N6O6,IV,,A,10000,
"1,3,5-Trinitro benzen",Trinitrobenzene,99-35-4,C6H3N3O6,IV,,A,5000,
"1,3-Butadien","1,3-Butadiene",106-99-0,C4H6,IV,,A,10000,
"1,3-Pentadien","1,3-Pentadiene",504-60-9,C5H8,IV,,A,10000,
1-Brom-3- cloropropan,1-Bromo-3- chloropropane,109-70-6,C3H6BrCl,IV,,A,500,
1-Buten,1-Butene,106-98-9,C4H8,IV,,A,10000,
1-Clo propylene,"1-Chlopropylene (1-Propene, 1-chloro-)",590-21-6,C3H5Cl,IV,,A,10000,
1-Penten,1-Pentene,109-67-1,C5H10,IV,,A,5000,
"1-Propen-2-clo-1,3-diol diaxetat","1-propen-2-chloro-1,3-diol-diacetate",10118-77-6,C7H9ClO4,IV,,A,10,
"2,2-Bis(tert-butylperoxy) butan (>70%)","2,2- Bis(tert-butylperoxy) butane (>70%)",2167-23-9,C12H26O4,IV,,A,10000,
"2,2-Dihydro peroxypropan (>30%)","2,2 Dihydro peroxypropane (>30%)",2614-76-8,C3H8O4,IV,,A,10000,
"2,2-Dimetyl propan","2,2-Dimethylpropane (Propane, 2,2-dimethyl-)",463-82-1,C5H12,IV,,A,10000,
"2,2’, 4,4’, 6,6’-Hexanitro stilben","2,2’,4,4’,6,6’-hexanitrostilbene",20062-22-0,C14H6N6O12,IV,,A,10000,
"2,3,7,8-Tetraclo dibenzo-p-dioxin","2,3,7,8- tetrachlorodibenzo-p-dioxin",1746-01-6,C12H4Cl4O2,IV,,A,5000,
"2,4,6- Trinitroresorcinol","2,4,6- Trinitroresorcinol (styphnic acid)",82-71-3,C6H3N3O8,IV,,A,10000,
"2,4,6-Trinitroanisol","2,4,6-trinitroanisole",606-35-9,C7H5N3O7,IV,,A,10000,
"2,4,6-Trinitrophenetol","2,4,6- trinitrophenetole",4732-14-3,C8H7N3O7,IV,,A,10000,
"2,4,6-Trinitrophenol","2,4,6-Trinitrophenol (picric acid)",88-89-1,C6H3N3O7,IV,,A,10000,
"2,4,6-trinitrotoluen","2,4,6-trinitrotoluene",118-96-7,C7H5N3O6,IV,,A,10000,
"2,4-Toluen diisoxyanat","2,4-Toluene di-isocyanate",584-84-9,C9H6N2O2,IV,,A,10000,
"2,6-Toluen di-isoxyanat","2,6- Toluene di-isocyanate",91-08-7,C9H6N2O2,IV,,A,10000,
2-Buten,2-Butene,107-01-7,C4H8,IV,,A,10000,
2-Butenal,Crotonaldehyde (2-Butenal),4170-30-3,C4H6O,IV,,A,5000,
2-Clo propylene,"2-Chloropropylene (1-Propene, 2-chloro-)",557-98-2,C3H5Cl,IV,,A,10000,
2-Metyl 1-buten,2-Methyl-1 -butene,563-46-2,C5H10,IV,,A,10000,
2-Metyl 1-propen,"2-Methylpropene (1-Propene, 2-methyl-)",115-11-7,C4H8,IV,,A,10000,
2-Metyl-3-buten nitril,2-Methyl-3- butenenitrile,16529-56-9,C5H7N,IV,,A,500000,
2-xyano-2-propanol,2-cyanopropan-2-ol (acetone cyanohydrin),75-86-5,C4H7NO,IV,,A,5000,
"3,3,6,6,9,9-Hexametyl- 1,2,4,5-tetroxacyclononat (>75%)","33.6.6.9.9-Hexamethyl-1,2,4,5-tetroxacyclononate (>75%)",22397-33-7,C12H22O4,IV,,A,5000,
3-(2-Etylhexyloxy) propylamin,3-(2-Ethylhexyloxy) propylamin,5397-31-9,C11H25NO,IV,,A,50000,
3-Metyl 1-buten,3-Methyl -1-butene,563-45-1,C5H10,IV,,A,5000,
3-Metylpyridin,3-Methylpyridine,108-99-6,C6H7N,IV,,A,500,
"4,4-Metylen bis (2-clo anilin) và/hoặc muối của nó ở dạng bột","4,4’- Methylenebis (2-chloroaniline) and/or salts, in powder form",101-14-4,C13H12C12N2,IV,,A,10,
"5-hydroxy naphthalen-1,4-dion","5-Hydroxy-1,4-naphthalenedione",481-39-0,C10H6O3,IV,,A,10000,
Acrolein,Acrolein (2-Propenal),107-02-8,C3H4O,IV,,A,5000,
Acrylonitril,Acrylonitrile,107-13-1,C3H3N,IV,,A,50000,
Acryloyl clorua,Acryloyl chloride (2- Propenoyl chloride),814-68-6,C3H3ClO,IV,,A,5000,
Aldicarb,Aldicarb,116-06-3,C7H14N2O2S,IV,,A,5000,
Alylamin (2- Propen-1-amin),Allylamine (2- Propen-1-amine),107-11-9,C3H7N,IV,,A,5000,
Amoni nitrat và Hỗn hợp chứa Amoni nitrat ở thành phần khối lượng >70% và ≤ 80%,Ammonium nitrate,6484-52-2,NH4NO3,IV,,A,1250000,
Amoni nitrat và Hỗn hợp chứa Amoni nitrat ở thành phần khối lượng >80% và ≤98%,Ammonium nitrate,6484-52-2,NH4NO3,IV,,A,350000,
Amoni nitrat và Hỗn hợp chứa Amoni nitrat ở thành phần khối lượng ≤ 70%,Ammonium nitrate,6484-52-2,NH4NO3,IV,,A,5000000,
Amoni nitrat và hỗn hợp chứa Amoni nitrat ở thành phần khối lượng ≥ 98%,Ammonium nitrate,6484-52-2,NH4NO3,IV,,A,10000,
Amoniac khan,Ammonia (anhydrous),7664-41-7,NH3,IV,,A,50000,
"Anabasin (Pyridin,3-(2S)-2- piperidinyl)","Anabasine, (Pyridine,3-(2S)-2- piperidinyl-)",494-52-0,C10H14N2,IV,,A,50000,
Asen hydrua,Arsen trihydride (arsine),7784-42-1,AsH3,IV,,A,200,
Asen pentoxit,Arsenic pentoxide,1303-28-2,As2O5,IV,,A,1000,
Asen triclorua,Arsenous tricloride,7784-34-1,AsCl3,IV,,A,50000,
Asen trioxit,Arsenic trioxide,1327-53-3,As2O3,IV,,A,100,
Axetaldehit,Acetaldehyde,75-07-0,C2H4O,IV,,A,5000,
Axetylen,Acetylene,74-86-2,C2H2,IV,,A,5000,
Axit asenic và hoặc các muối asenat,Arsenic (V) acid and/or salts,,H3AsO4,IV,,A,1000,
Axit asenơ và các muối asenit,Arsenious (III) acid and/or salts,,HAsO2,IV,,A,100,
Axit dimetyl photphoramido xyanidic,Dimetylphosphoramid ocyanidic acid,63917-41-9,C3H7N2P,IV,,A,1000,
Axit flo axetic,Fluoroacetic acid,144-49-0,C2H3FO2,IV,,A,5000,
Axit hydroxyanic,Hydrocyanic acid,74-90-8,HCN,IV,,A,5000,
Axit nitric,Nitric acid (cone 80% or greater),7697-37-2,HNO3,IV,,A,5000,
Axit peraxetic (> 60%),Peracetic acid (> 60%),79-21-0,C2H4O3,IV,,A,5000,
Axit trinitrobenzoic,Trinitrobenzoic acid,129-66-8,C7H3N3O8,IV,,A,10000,
Azinphos-etyl,Azinphos-ethyl,2642-71-9,C12H16N3O3PS2,IV,,A,5000,
Azinphos-metyl,Azinphos-methyl,86-50-0,C10H12N3O3PS2,IV,,A,50000,
Bari azit,Barium azide,18810-58-7,Ba(N3)2,IV,,A,10000,
Beryli (dạng bột và các hợp chất),"Beryllium (powders, compounds)",7440-41-7,Be,IV,,A,100,
"Bis (2,4,6-trinitrophenyl) amin","Bis (2,4,6- trinitrophenyl) amine",131-73-7,C12H5N7O12,IV,,A,10000,
Bis (2- dimetylaminoetyl) (metyl)amin,Bis (2- dimethyl aminoethyl) (methyl)amin,3030-47-5,C9H23N3,IV,,A,50000,
Bis (2-clo etyl) sunfua,Bis (2-chloroethyl) sulphide,505-60-2,C4H8Cl2S,IV,,A,5000,
Bis (clo metyl) ete,Bis (chloromethyl) ether,542-88-1,C2H4Cl2O,IV,,A,50000,
Boron triclorua,"Boron trichloride (Borane, trichloro-)",10294-34-5,BCl3,IV,,A,5000,
Boron triflorua,"Boron trifluoride (Borane, trifluoro-)",,BF3,IV,,A,5000,
Brom,Bromine,7726-95-6,Br2,IV,,A,20000,
Brom triflo etylen,"Bromotrifluorethylene (Ethene, bromotrifluor o-)",598-73-2,C2BrF3,IV,,A,10000,
Butan,Butane,106-97-8,C4H10,IV,,A,10000,
Buten,Butene,25167-67-3,C4H8,IV,,A,10000,
Cacbofuran,Carbofuran,1563-66-2,C12H15NO3,IV,,A,5000,
Cacbon disunfua,Carbon disulfide,75-15-0,CS2,IV,,A,10000,
Cacbon oxysunfua,Carbon oxysulfide (Carbon oxide sulfide (COS)),463-58-1,COS,IV,,A,10000,
Cacbon phenothion,Carbon phenothion,786-19-6,C11H16ClO2PS3,IV,,A,5000,
Cacbonyl clorua (phosgen),Carbonyl dichloride (phosgene),75-44-5,CCl2O,IV,,A,300,
"Chì 2,4,6-trinitroresorcinoxit","Lead 2,4,6-trinitroresorcinoxide lead styphnate)",63918-97-8,C6HN3O8Pb,IV,,A,50000,
Chì azit,Lead azide,13424-46-9,PbN6,IV,,A,10000,
Clo,Chlorine,7782-50-5,Cl2,IV,,A,10000,
Clo dioxit,Chlorine dioxide (Chlorine oxide (ClO2)),10049-04-4,ClO2,IV,,A,5000,
Clo fenvinphos,Chlorfenvinphos,470-90-6,C12H14Cl3O4P,IV,,A,5000,
Clo trinitro benzen,Chlorotrinitro benzene,88-88-0,C6H2ClN3O6,IV,,A,5000,
Clormetyl metyl ete,Chloromethyl methyl ether,107-30-2,C2H5ClO,IV,,A,5000,
Cloroform,"Chloroform (methane, trichloro-)",67-66-3,CHCl3,IV,,A,5000,
"Coban kim loại và các hợp chất oxit, carbonnat, sulfua dạng bột","Cobalt metal, oxides, carbonates, sulphides, as powders",,,IV,,A,5000,
Crimidin,Crimidine,535-89-7,C7H10ClN3,IV,,A,5000,
Các ankyl chì,Lead alkyls,,,IV,,A,5000,
Các hợp chất xyanua,Cyanide compounds,,,IV,,A,5000,
Các khí hóa lỏng đặc biệt dễ cháy (bao gồm cả LPG) và khí thiên nhiên,Liquefied extremely flammable gases (including LPG) and natural gas,,,IV,,A,50000,
Các Polyclo dibenzo furan và Polyclodibenzo dioxin (bao gồm TCDD),Polychlorodibenzo-furans and Polychlorodibenzo-dioxins (including TCDD),33857-26-0,C12H6Cl2O2,IV,,A,1,
Demeton,Demeton,8065-48-3,C16H38O6P2S4,IV,,A,5000,
Di-isobutyryl peroxit (> 50%),Di-isobutyryl peroxide (> 50%),3437-84-1,C8H14O4,IV,,A,10000,
Di-n-propylperoxy dicacbonat (> 80%),Di-n-propylperoxy dicarbonate (> 80%),16066-38-9,C8H14O6,IV,,A,10000,
Di-sec-butyl peroxydicacbonat (> 80%),Di-sec-butyl peroxydicarbonate (> 80%),19910-65-7,C10H18O6,IV,,A,10000,
Dialifos,Dialifos,10311-84-9,C14H17CINO4PS2,IV,,A,50000,
Diazo dinitro phenol,Diazodinitrophenol,87-31-0,C6H2N4O5,IV,,A,10000,
Dibenzyl peroxy dicacbonat (>90%),Dibenzyl peroxy dicarbonate (>90%),2144-45-8,C16H14O6,IV,,A,10000,
Diboran,Diborane,19287-45-7,B2H6,IV,,A,5000,
Diclo silan,"Dichlorosilane (silane, dichloro-)",4109-96-0,Cl2H2Si,IV,,A,5000,
Dietyl peroxy dicarbonat (> 30%),Dietyl peroxy dicarbonate (>30%),14666-78-5,C6H10O6,IV,,A,10000,
Dietylen glycol dinitrat,Diethylene glycol dinitrate,693-21-0,C4H8N2O7,IV,,A,10000,
Dimefox,Dimefox,115-26-4,C4H12FN2OP,IV,,A,5000,
Dimetyl amin,"Dimethylamine (Methanamine, N-methyl-)",124-40-3,C2H7N,IV,,A,5000,
Dimetyl ete,"Methyl ether (Methane, oxybis-)",115-10-6,C2H6O,IV,,A,10000,
Dimetyl nitrosamin,Dimethylnitrosamine,62-75-9,C2H6N2O,IV,,A,5000,
Dimetylcacbamoyl clorua,Dimethylcarbamoyl chloride,79-44-7,C3H6CINO,IV,,A,50000,
Dimetyldiclo silan,"Dimethyldichlorosilane (silane, dichlorodimethyl-)",75-78-5,C2H6Cl2Si,IV,,A,5000,
Diphacinon,Diphacinone,82-66-6,C23H16O3,IV,,A,5000,
Disulfoton,Disulfoton,298-04-4,C8H19O2PS3,IV,,A,5000,
Epiclohydrin,"Epichlorohydrin (oxirane, (chloromethyl-)",106-89-8,C3H5ClO,IV,,A,5000,
"Epn (Photphonothioic acid, P-phenyl-, O-ethyl O-(4-nitrophenyl) este)","Epn (Phosphonothioic acid, P-phenyl-, O-ethyl O-(4-nitrophenyl) ester)",2104-64-5,C14H14NO4PS,IV,,A,5000,
Etan,Ethane,74-84-0,C2H6,IV,,A,10000,
Ethion,Ethion,563-12-2,C9H22O4P2S4,IV,,A,50000,
Etyl amin,Ethylamine (Ethanamine),75-04-7,C2H7N,IV,,A,5000,
Etyl axetylen,Ethyl acetylene (1-Butyne),107-00-6,C4H6,IV,,A,10000,
Etyl clorua,"Ethyl chloride (Ethane, chloro)",75-00-3,C2H5Cl,IV,,A,10000,
Etyl ete,"Ethyl ether (Ethane, 1,1’-oxybis-)",60-29-7,C4H10O,IV,,A,10000,
Etyl mercaptan,Ethyl mercaptan (Ethanethiol),75-08-1,C2H6S,IV,,A,10000,
Etyl nitrat,Ethyl nitrate,625-58-1,C2H5NO3,IV,,A,50000,
Etyl nitro,"Ethyl nitrite (Nitrous acid, ethyl ester)",109-95-5,C2H5NO2,IV,,A,10000,
Etylen diamin,"Ethylenediamine (1,2-Ethanediamine)",107-15-3,C2H8N2,IV,,A,5000,
Etylen glycol dinitrat,Ethylene glycol dinitrate,628-96-6,C2H4N2O6,IV,,A,10000,
Etylen oxit,Ethylene oxide,75-21-8,C2H4O,IV,,A,5000,
Etylenimin,Ethyleneimine,151-56-4,C2H5N,IV,,A,10000,
Flo,Fluorine,7782-41-4,F2,IV,,A,10000,
Fluenetil (2-floetyl 4 -Biphenylaxetat),Fluenetil,4301-50-2,C16H15FO2,IV,,A,5000,
Formaldehit (Nồng độ ≥ 90%),Formaldehyde (Conc. > 90%),,CH2O,IV,,A,5000,
Furan,Furan,110-00-9,C4H4O,IV,,A,10000,
Hexametylphotphor oamit,Hexamethylphosphor oamide,680-31-9,C6H18N3OP,IV,,A,50000,
Hydrazin,Hydrazine,302-01-2,H4N2,IV,,A,5000,
Hydrazin nitrat,Hydrazine nitrate,13464-97-6,H5N3O3,IV,,A,50000,
Hydro,Hydrogen,1333-74-0,H2,IV,,A,5000,
Hydro clorua và axit clohydric,Hydrogen chloride and Chlohydric acid,7647-01-0,HCl,IV,,A,25000,
Hydro florua,Hydrogen fluoride,7664-39-3,HF,IV,,A,5000,
Hydro selenua,Hydrogen selenide,,H2Se,IV,,A,10000,
Hydro sunfua,Hydrogen sulphide,,H2S,IV,,A,5000,
Hydroxy axetonitril,Hydroxy acetonitrile (glycolonitrile),107-16-4,C2H3NO,IV,,A,5000,
Hỗn hợp boron triflorua và metyl ete (1:1),"Boron trifluoride compound with methyl ether (1:1) (Boron, trifluoro (oxybis (metane)-, T-4-",353-42-4,C2H6BF3O,IV,,A,5000,
Hỗn hợp chứa natri hypoclorit,Mixtures of sodium hypochlorite,,,IV,,A,200000,
Isobenzan,Isobenzan,297-78-9,C9H4Cl8O,IV,,A,5000,
Isobutyronitril (2-metyl propan nitril),2- methyl-Propanenitrile,78-82-0,C4H7N,IV,,A,10000,
Isodrin,Isodrin,465-73-6,C12H8Cl6,IV,,A,1000,
Isopentan,2-methyl- Butane,78-78-4,C5H12,IV,,A,5000,
Isopren,"2-methyl-1,3-butadiene",78-79-5,C5H8,IV,,A,10000,
Isopropyl cloformat,1-methylethyl chlorocarbonate,108-23-6,C4H7ClO2,IV,,A,5000,
Isopropyl clorua,2-chloropropane,75-29-6,C3H7Cl,IV,,A,10000,
Isopropylamin,2-Propanamine,75-31-0,C3H9N,IV,,A,10000,
Kali nitrat Dạng hạt,Potassium nitrate,7757-79-1,KNO3,IV,,A,5000000,
Kali nitrat Dạng tinh thể,Potassium nitrate,7757-79-1,KNO3,IV,,A,1250000,
Lưu huỳnh diclorua,Sulfur dichloride,10545-99-0,SCl2,IV,,A,100,
Lưu huỳnh dioxit,Sulfur dioxide,,SO2,IV,,A,50000,
Lưu huỳnh tetraflorua,Sulfur tetrafloride (Sulfur fluoride),7783-60-0,SF4,IV,,A,5000,
Lưu huỳnh trioxit,Sulfur trioxide,,SO3,IV,,A,15000,
Metacrylonitril,2-methyl-2- Propenenitrile,126-98-7,C4H5N,IV,,A,10000,
Metan,Methane,74-82-8,CH4,IV,,A,10000,
Metanol,Methanol,67-56-1,CH4O,IV,,A,500000,
Metyl acrylat,Methyl acrylate,96-33-3,C4H6O2,IV,,A,500000,
Metyl amin,Methylamine (Methanamine),74-89-5,CH5N,IV,,A,5000,
Metyl bromua,Bromomethane (methyl bromide),74-83-9,CH3Br,IV,,A,5000,
Metyl cloformat,"Methyl chloroformate (Carbonochloridic acid, methylester)",79-22-1,C2H3ClO2,IV,,A,5000,
Metyl clorua,"Methyl chloride (Methane, chloro-)",74-87-3,CH3Cl,IV,,A,5000,
Metyl etyl keton peroxit (> 60%),Methyl ethyl ketone peroxide (> 60%),1338-23-4,C8H18O6,IV,,A,5000,
Metyl format,"Methyl formate (Formic acid, methyl ester)",107-31-3,C2H4O2,IV,,A,5000,
Metyl hydrazin,"Methyl hydrazine (Hydrazine, methyl-)",60-34-4,CH6N2,IV,,A,5000,
Metyl isobutyl keton peroxit (nồng độ > 60%),Methyl isobutyl ketone peroxide (> 60%),37206-20-5,C12H26O4,IV,,A,50000,
Metyl isoxyanat,Methyl isocyanate,624-83-9,C2H3NO,IV,,A,150,
Metyl mercaptan,Methyl mercaptan (Methanethiol),74-93-1,CH4S,IV,,A,10000,
Metyl thioxyanat,"Methyl thiocyanate (Thiocyanic acid, methyl ester)",556-64-9,C2H3NS,IV,,A,10000,
Metyl triclo silan,"Methyltrichlorosilane (Silane, trichloromethyl-)",75-79-6,CH3Cl3Si,IV,,A,5000,
Mevinphos,Mevinphos,7786-34-7,C7H13O6P,IV,,A,5000,
"n-Metyl-n, 2,4,6-tetranitroanilin","n-Methyl-n,2,4,6-tetranitroaniline",479-45-8,C7H5N5O8,IV,,A,5000,
Natri clorat,Sodium chlorate,,NaClO3,IV,,A,50000,
Natri picramat,Sodium picramate,831-52-7,C6H4N3NaO5,IV,,A,10000,
Natri selenit,Sodium selenite,10102-18-8,Na2SeO3,IV,,A,50000,
Niken tetracacbonyl,Nickel tetracarbonyl,13463-39-3,C4NiO4,IV,,A,5000,
"Niken và các hợp chất chứa Ni dạng bột có thể phát tán trong không khí (các loại oxit, cacbonat, sunfua)","Nickel compounds in inhalable powder form (oxides, sulphides, carbonate)",,,IV,,A,1000,
Nitơ glyxerin,Nitroglycerin,55-63-0,C3H5N3O9,IV,,A,5000,
Nitơ monoxit,Nitric oxdide (Nitrogen oxide (NO)),10102-43-9,NO,IV,,A,50000,
Nitơ oxit,Nitrogen oxides,11104-93-1,NOx,IV,,A,50000,
"Nitơ xenlulo (hàm lượng > 12,6% nitrogen)","Nitrocellulose (containing > 12,6% of nitrogen)",9004-70-0,,IV,,A,10000,
Oleum (hỗn hợp axit sunfuric với lưu huỳnh trioxit),"Oleum (Fuming Sulfuric acid) (Sulfuric acid, mixture with sulfur trioxide)",8014-95-7,H2SO4*nSO3,IV,,A,5000,
oo-Dietyl s- etylsunphinylmetyl photphothioat,oo-Diethyl s- ethylsulphinylmethyl phosphorothioate,,C7H17O4PS2,IV,,A,5000,
oo-Dietyl s-etyl sunphonylmetyl photphothioat,oo-Diethyl s-ethyl sulphonylmethyl phosphorothioate,,C7H17O5PS2,IV,,A,5000,
oo-Dietyl s-etyl thiometyl photphothioat,oo-Diethyl s-ethyl thiomethyl phosphorothioate,2600-69-3,C7H17O3PS2,IV,,A,5000,
oo-Dietyl s-iso propylthiometyl photphodithioat,oo-Diethyl s-iso propylthiomethyl phosphorodithioate,78-52-4,C8H19O2PS3,IV,,A,5000,
oo-Dietyl s-propyl thiometyl photphodithioat,oo-Diethyl s-propyl thiomethyl phosphorodithioate,3309-68-0,C8H19O2PS3,IV,,A,5000,
Oxy,Oxygen,7782-44-7,O2,IV,,A,200000,
Oxy diflorua,Oxygen difloride,7783-41-7,F2O,IV,,A,5000,
Oxydisunfoton,Oxydisulfoton,,C8H19O3PS3,IV,,A,5000,
Paraoxon (dietyl 4- nitrophenyl photphat),Paraoxon (diethyl 4-nitrophenylphosphate),311-45-5,C10H14NO6P,IV,,A,10000,
Parathion,Parathion,56-38-2,C10H14NO5PS,IV,,A,5000,
Parathion-metyl,Parathion-methyl,298-00-0,C10H14NO5PS,IV,,A,50000,
Pensunfothion,Pensulfothion,115-90-2,C11H17O4PS2,IV,,A,5000,
Pentaboran,Pentaborane,19624-22-7,B5H9,IV,,A,5000,
Pentaerythritol tetranitrat,Pentaerythritol tetranitrate,78-11-5,C5H8N4O12,IV,,A,10000,
Pentan,Pentane,109-66-0,C5H12,IV,,A,5000,
Perclometyl mercaptan,"Perchloromethylmercaptan (Methanesulfenyl chloride, trichloro-)",594-42-3,CCl4S,IV,,A,5000,
Phorat,Phorate,298-02-2,C7H17O2PS3,IV,,A,5000,
Phosacetim,Phosacetim,4104-14-7,C14H13Cl2N2O2PS,IV,,A,5000,
Phosphamidon,Phosphamidon,13171-21-6,C10H19CINO5P,IV,,A,50000,
Photpho oxyclorua,Phosphorus oxychloride (Phosphoryl chloride),10025-87-3,POCl3,IV,,A,5000,
Photpho triclorua,Phosphorus trichloride (Phosphorous trichloride),,PCl3,IV,,A,5000,
Photpho trihydrua (photphin),Phosphorus trihydride (phosphine),7803-51-2,PH3,IV,,A,200,
Photpho vàng,"Phosphorus (White, yellow)",7723-14-0,P4,IV,,A,1000,
Piperidin,Piperidine,110-89-4,C5H11N,IV,,A,50000,
"Promurit (1-(3,4-diclophenyl)-3-triazenethiocacboxamit)","Promurit (1-(3,4-dichlorophenyl) -3-triazene thiocarboxamide)",5836-73-7,C7H6Cl2N4S,IV,,A,5000,
Propadien,"1,2-Propadiene",463-49-0,C3H4,IV,,A,10000,
Propan,Propane,74-98-6,C3H8,IV,,A,10000,
Propin,1-Propyne,74-99-7,C3H4,IV,,A,10000,
Propionitril,Propionitrile (Propanenitrile),107-12-0,C3H5N,IV,,A,5000,
Propyl cloformat,"Propyl chloroformate (Carbonochloridic acid, propylester)",109-61-5,C4H7ClO2,IV,,A,5000,
Propylamin,Propylamine,107-10-8,C3H9N,IV,,A,500000,
Propylen,1-Propene,115-07-1,C3H6,IV,,A,10000,
Propylen imin,2- methyl-Aziridine,75-55-8,C3H7N,IV,,A,10000,
Propylen oxit,Propylen oxide,75-56-9,C3H6O,IV,,A,5000,
Pyrazoxon,Pyrazoxon,108-34-9,C8H15N2O4P,IV,,A,5000,
Rượu alyl (2- Propen-1-ol),Allyl alcohol (2- Propen-1-ol),107-18-6,C3H6O,IV,,A,5000,
Selen hexaflorua,Selenium hexafloride,7783-79-1,SeF6,IV,,A,5000,
Silan,Silane,7803-62-5,SiH4,IV,,A,10000,
Stibin (antimon hydril),Stibine (antimony hydril),7803-52-3,SbH3,IV,,A,10000,
Sunfotepp,Sulfotepp,3689-24-5,C8H20O5P2S2,IV,,A,5000,
Sắt pentacacbonyl,"Iron, pentacacbonyl-(Iron carbonyl (Fe (CO)5), (TB-5-11)-)",13463-40-6,C5FeO5,IV,,A,5000,
Telu hexaflorua,Tellurium hexafloride,7783-80-4,TeF6,IV,,A,50000,
Tepp - tetraetyl pyrophotphat,T.E.P.P - (Tetraethyl pyrophosphate),107-49-3,C8H20O7P2,IV,,A,5000,
Tert-butyl acrylat,Tert-butyl acrylate,1663-39-4,C7H12O2,IV,,A,200000,
Tert-butyl peroxy isobutyrat (>80%),Tert-butyl peroxy isobutyrate (>80%),109-13-7,C8H16O3,IV,,A,5000,
Tert-butyl peroxyaxetat (>70%),Tert-butyl peroxyacetate (>70%),107-71-1,C6H12O3,IV,,A,10000,
Tert-butylperoxy isopropyl cacbonat (>80%),Tert-butylperoxy isopropylcarbonate (>80%),2372-21-6,C8H16O4,IV,,A,10000,
Tert-butylperoxy maleat (>80%),Tert-butylperoxy maleate (>80%),1931-62-0,C8H12O5,IV,,A,10000,
Tert-butylperoxy pivalat (>77%),Tert-butylperoxy pivalate (>77%),927-07-1,C9H18O3,IV,,A,10000,
Tetraflo etylen,"Tetrafluoroethylene (Ethene, tetrafluoro-)",116-14-3,C2F4,IV,,A,10000,
"Tetrahydro-3,5- dimetyl-1,3,5,- thiadiazin-2-thion (Dazomet)","Tetrahydro-3,5- dimethyl-1,3,5,- thiadiazine-2-thione (Dazomet)",533-74-4,C5H10N2S2,IV,,A,100000,
Tetrametyl silan,"Tetramethylsilane (Silane, tetramethyl-)",75-76-3,C4H12Si,IV,,A,5000,
Tetrametylen disunphotetramin,Tetramethylenedisulp hotetramine,80-12-6,C4H8N4O4S12,IV,,A,5000,
Tetranitro metan,"Tetranitromethane (Methane, tetranitro-)",509-14-8,CN4O8,IV,,A,5000,
Thionazin,Thionazin,297-97-2,C8H13N2O3PS,IV,,A,5000,
Thủy ngân và các hợp chất của thủy ngân,Mercury and Mercury compounds,,,IV,,A,1,
"Tirpate (2,4-Dimetyl-2-formyl-1,3-dithiolan oxim metylcacbamat)","Tirpate (2,4-dimethyl-1,3-dithiolane-2-carbo xaldehydeo-methyl carbamoyloxime)",26419-73-8,C8H14N2O2S2,IV,,A,100,
Titan tetraclorua,Titanium tetrachloride (Titanium chloride (TiCl4) (T-4)-),7550-45-0,TiCl4,IV,,A,5000,
Toluen di-isoxyanat,Toluene di-isocyanate,26471-62-5,C9H6N2O2,IV,,A,10000,
Triclo silan,"Trichlorosilane (Silane, trichloro-)",10025-78-2,SiHCl3,IV,,A,5000,
Trietylenmelamin,Triethylenemelamine,51-18-3,C9H12N6,IV,,A,100,
Triflocloetylen,"Trifluorochloroethylene (Ethene, chlorotrifluoro-)",79-38-9,C2ClF3,IV,,A,10000,
Trimetylamin,Trimethylamine,75-50-3,C3H9N,IV,,A,5000,
Trimetylclosilan,"Trimethylchlorosilane (Silane, chlorotrimethyl-)",75-77-4,C3H9ClSi,IV,,A,5000,
Trinitro anilin,Trinitroaniline,26952-42-1,C6H4N4O6,IV,,A,50000,
Trinitro cresol,Trinitrocresol,602-99-3,C7H5N3O7,IV,,A,50000,
Vinyl axetat,Vinyl acetate monomer (Acetic acid ethenyl ester),108-05-4,C4H6O2,IV,,A,10000,
Vinyl axetylen,Vinyl acetylene (1-Buten-3-yne),689-97-4,C4H4,IV,,A,10000,
Vinyl clorua,"Vinyl chloride (Ethene, chloro)",75-01-4,C2H3Cl,IV,,A,10000,
Vinyl etyl ete,"Vinyl ethyl ether (Ethene, ethoxy-)",109-92-2,C4H8O,IV,,A,10000,
Vinyl florua,"Vinyl fluoride (Ethene, fluoro)",75-02-5,C2H3F,IV,,A,10000,
Vinyl metyl ete,"Vinyl methyl ether (Ethene, methoxy-)",107-25-5,C3H6O,IV,,A,10000,
Vinyliden clorua,"Vinylidene chloride (Ethene, 1,1-dichloro-)",75-35-4,C2H2Cl2,IV,,A,10000,
Vinyliden florua,"Vinylidene fluoride (Ethene, 1,1-difluoro-)",75-38-7,C2H2F2,IV,,A,10000,
Warfarin ((RS)-4-hydroxy-3-(3 -oxo-1 -phenylbutyl)-2H-chromen-2-on),Warfarin ((RS)-4-hydroxy-3 -(3 -oxo-1 -phenylbutyl)-2H-chromen-2-one),81-81-2,C19H16O4,IV,,A,5000,
Xyanogen (Etandinitril),Cyanogen (Ethanedinitrile),460-19-5,C2H2,IV,,A,10000,
Xyanogen clorua,Cyanogen chloride,506-77-4,CCl N,IV,,A,5000,
Xyanthoat,Cyathoate,3734-95-0,C10H19N2O4PS,IV,,A,5000,
Xyclohexan amin,Cyclohexylamine (Cyclohexanamine),108-91-8,C6H13N,IV,,A,5000,
Xycloheximit,Cycloheximide,66-81-9,C15H23NO4,IV,,A,5000,
Xyclopropan,Cyclopropane,75-19-4,C3H6,IV,,A,10000,
Xyclotetrametylen tetra nitramin,Cyclotetramethylenet etranitramine,2691-41-0,C4H8N8O8,IV,,A,10000,
Xyclotrimetylen trinitramin,Cyclotrimethylene trinitramine,121-82-4,C3H6N6O6,IV,,A,10000,
